-- phpMyAdmin SQL Dump
-- version 5.0.2
-- https://www.phpmyadmin.net/
--
-- Máy chủ: 127.0.0.1
-- Thời gian đã tạo: Th12 25, 2021 lúc 01:13 AM
-- Phiên bản máy phục vụ: 10.4.13-MariaDB
-- Phiên bản PHP: 7.4.7

SET SQL_MODE = "NO_AUTO_VALUE_ON_ZERO";
START TRANSACTION;
SET time_zone = "+00:00";


/*!40101 SET @OLD_CHARACTER_SET_CLIENT=@@CHARACTER_SET_CLIENT */;
/*!40101 SET @OLD_CHARACTER_SET_RESULTS=@@CHARACTER_SET_RESULTS */;
/*!40101 SET @OLD_COLLATION_CONNECTION=@@COLLATION_CONNECTION */;
/*!40101 SET NAMES utf8mb4 */;

--
-- Cơ sở dữ liệu: `laptopphp`
--

-- --------------------------------------------------------

--
-- Cấu trúc bảng cho bảng `account`
--

CREATE TABLE `account` (
  `AccountID` varchar(10) CHARACTER SET utf8mb4 COLLATE utf8mb4_vietnamese_ci NOT NULL,
  `AccountName` varchar(255) CHARACTER SET utf8mb4 COLLATE utf8mb4_vietnamese_ci NOT NULL,
  `Password` varchar(255) CHARACTER SET utf8mb4 COLLATE utf8mb4_vietnamese_ci NOT NULL,
  `Address` varchar(255) CHARACTER SET utf8mb4 COLLATE utf8mb4_vietnamese_ci NOT NULL,
  `Birthday` date NOT NULL,
  `Phone` int(11) NOT NULL,
  `Email` varchar(255) CHARACTER SET utf8mb4 COLLATE utf8mb4_vietnamese_ci NOT NULL,
  `AuthoritiesID` int(2) NOT NULL
) ENGINE=InnoDB DEFAULT CHARSET=utf8 COLLATE=utf8_bin;

--
-- Đang đổ dữ liệu cho bảng `account`
--

INSERT INTO `account` (`AccountID`, `AccountName`, `Password`, `Address`, `Birthday`, `Phone`, `Email`, `AuthoritiesID`) VALUES
('00dbd5a86c', 'Đỗ Nam2000', 'd75916590358fd39d4ae1281b1ffbc0f', 'asdasdf', '2021-12-08', 2147483647, 'tnam48801@gmail.com', 2),
('04002a8eb3', 'mynguyen1998@gmail.com', '1234567890', 'Hà Nội 2', '2009-06-26', 2147483647, 'mynguyen1999@gmail.com', 3),
('1', 'Hoài Nam', 'd75916590358fd39d4ae1281b1ffbc0f', 'Thái Bình', '2021-10-27', 24234233, 'namdohoai997@gmail.com', 1),
('82450a91d8', 'Nam Đỗ 2', 'anhnamvh1999', 'Hải Phòng', '2009-02-26', 1234567890, 'namdohoai992@gmail.com', 2),
('8f047a47d4', 'Phạm Thị Phương', 'd59cb96e3fd594e2bd39b660cd4bbd29', 'Thái Bình', '1999-09-10', 987654321, 'phuongmiiu@gmail.com', 2),
('d37d0cb5e8', 'Nguyễn My', 'dd4b21e9ef71e1291183a46b913ae6f2', 'Thai Binh', '2021-11-10', 2147483647, 'mynguyen21999@gmail.com', 2);

-- --------------------------------------------------------

--
-- Cấu trúc bảng cho bảng `authorities`
--

CREATE TABLE `authorities` (
  `AuthoritiesID` int(2) NOT NULL,
  `AuthoritiesName` varchar(255) CHARACTER SET utf8mb4 COLLATE utf8mb4_vietnamese_ci NOT NULL
) ENGINE=InnoDB DEFAULT CHARSET=utf8 COLLATE=utf8_bin;

--
-- Đang đổ dữ liệu cho bảng `authorities`
--

INSERT INTO `authorities` (`AuthoritiesID`, `AuthoritiesName`) VALUES
(1, 'Admin'),
(2, 'Customer'),
(3, 'Moderator');

-- --------------------------------------------------------

--
-- Cấu trúc bảng cho bảng `banner`
--

CREATE TABLE `banner` (
  `BannerID` varchar(10) CHARACTER SET utf8mb4 COLLATE utf8mb4_vietnamese_ci NOT NULL,
  `Image` varchar(255) COLLATE utf8_bin NOT NULL,
  `Is_active` tinyint(1) NOT NULL,
  `OrderSort` int(10) NOT NULL,
  `Url` text COLLATE utf8_bin NOT NULL
) ENGINE=InnoDB DEFAULT CHARSET=utf8 COLLATE=utf8_bin;

--
-- Đang đổ dữ liệu cho bảng `banner`
--

INSERT INTO `banner` (`BannerID`, `Image`, `Is_active`, `OrderSort`, `Url`) VALUES
('45c50ecf4a', './assets/image/banner/637719628007870833_F-H1_800x300.jfif', 1, 2, 'ẫ');

-- --------------------------------------------------------

--
-- Cấu trúc bảng cho bảng `brand`
--

CREATE TABLE `brand` (
  `BrandID` varchar(10) CHARACTER SET utf8mb4 COLLATE utf8mb4_vietnamese_ci NOT NULL,
  `BrandName` varchar(255) CHARACTER SET utf8mb4 COLLATE utf8mb4_vietnamese_ci NOT NULL,
  `Avatar` varchar(255) CHARACTER SET utf8mb4 COLLATE utf8mb4_vietnamese_ci NOT NULL
) ENGINE=InnoDB DEFAULT CHARSET=utf8 COLLATE=utf8_bin;

--
-- Đang đổ dữ liệu cho bảng `brand`
--

INSERT INTO `brand` (`BrandID`, `BrandName`, `Avatar`) VALUES
('1', 'Dell ', './assets/image/logo/DellLogo.png'),
('2578b2974d', 'MSI ', './assets/image/logo/Msi_logo.png'),
('8951069481', 'Apple', './assets/image/logo/AppleLogo.png'),
('a0fdb1aeaf', 'Asus', './assets/image/logo/AsusLogo.png'),
('e202545833', 'Lenovo', './assets/image/logo/Lenovo_logo_2015.png');

-- --------------------------------------------------------

--
-- Cấu trúc bảng cho bảng `cardvga`
--

CREATE TABLE `cardvga` (
  `CardID` varchar(10) CHARACTER SET utf8mb4 COLLATE utf8mb4_vietnamese_ci NOT NULL,
  `NameOfCard` varchar(255) CHARACTER SET utf8mb4 COLLATE utf8mb4_vietnamese_ci NOT NULL,
  `TypeOfCard` bit(1) NOT NULL
) ENGINE=InnoDB DEFAULT CHARSET=utf8 COLLATE=utf8_bin;

--
-- Đang đổ dữ liệu cho bảng `cardvga`
--

INSERT INTO `cardvga` (`CardID`, `NameOfCard`, `TypeOfCard`) VALUES
('1', '1050TI', b'1'),
('2', 'Intel UHD 750	', b'0'),
('a8c9f1251b', 'Đõ Hoải Nam', b'1');

-- --------------------------------------------------------

--
-- Cấu trúc bảng cho bảng `checkid`
--

CREATE TABLE `checkid` (
  `CheckID` bit(1) NOT NULL,
  `VgaType` varchar(255) CHARACTER SET utf8mb4 COLLATE utf8mb4_vietnamese_ci NOT NULL,
  `BannerDisplay` varchar(255) CHARACTER SET utf8mb4 COLLATE utf8mb4_vietnamese_ci NOT NULL
) ENGINE=InnoDB DEFAULT CHARSET=utf8 COLLATE=utf8_bin;

--
-- Đang đổ dữ liệu cho bảng `checkid`
--

INSERT INTO `checkid` (`CheckID`, `VgaType`, `BannerDisplay`) VALUES
(b'0', 'Card tích hợp', 'Không hiển thị'),
(b'1', 'Card rời', 'Hiển thị');

-- --------------------------------------------------------

--
-- Cấu trúc bảng cho bảng `config`
--

CREATE TABLE `config` (
  `ConfiID` varchar(10) CHARACTER SET utf8mb4 COLLATE utf8mb4_vietnamese_ci NOT NULL,
  `Logo` varchar(255) COLLATE utf8_bin NOT NULL,
  `NameOfCompany` varchar(255) CHARACTER SET utf8mb4 COLLATE utf8mb4_vietnamese_ci NOT NULL,
  `Email` varchar(255) CHARACTER SET utf8mb4 COLLATE utf8mb4_vietnamese_ci NOT NULL,
  `Address` varchar(255) CHARACTER SET utf8mb4 COLLATE utf8mb4_vietnamese_ci NOT NULL,
  `Phone_1` int(11) NOT NULL,
  `Phone_2` int(11) NOT NULL,
  `FaxNumber` int(25) NOT NULL,
  `Description` text CHARACTER SET utf8mb4 COLLATE utf8mb4_vietnamese_ci NOT NULL
) ENGINE=InnoDB DEFAULT CHARSET=utf8 COLLATE=utf8_bin;

--
-- Đang đổ dữ liệu cho bảng `config`
--

INSERT INTO `config` (`ConfiID`, `Logo`, `NameOfCompany`, `Email`, `Address`, `Phone_1`, `Phone_2`, `FaxNumber`, `Description`) VALUES
('1', './assets/image/logo/logo2.png', 'Bảo Lâm', 'baolamlaptop@gmail.com', 'Việt Nam', 987654321, 123456789, 98765123, '<p>M&ocirc;&nbsp; tả</p>\r\n');

-- --------------------------------------------------------

--
-- Cấu trúc bảng cho bảng `hdd`
--

CREATE TABLE `hdd` (
  `HddID` varchar(10) CHARACTER SET utf8mb4 COLLATE utf8mb4_vietnamese_ci NOT NULL,
  `HddName` varchar(255) CHARACTER SET utf8mb4 COLLATE utf8mb4_vietnamese_ci NOT NULL,
  `Storage` varchar(255) CHARACTER SET utf8mb4 COLLATE utf8mb4_vietnamese_ci NOT NULL
) ENGINE=InnoDB DEFAULT CHARSET=utf8 COLLATE=utf8_bin;

--
-- Đang đổ dữ liệu cho bảng `hdd`
--

INSERT INTO `hdd` (`HddID`, `HddName`, `Storage`) VALUES
('1', 'dcwec', '500'),
('5ff140826a', 'Xanh nõn chuối', '1000'),
('7ea1ff24d2', 'Đỗ Nam2000', '560');

-- --------------------------------------------------------

--
-- Cấu trúc bảng cho bảng `news`
--

CREATE TABLE `news` (
  `NewsID` varchar(10) CHARACTER SET utf8mb4 COLLATE utf8mb4_vietnamese_ci NOT NULL,
  `Title` varchar(255) CHARACTER SET utf8mb4 COLLATE utf8mb4_vietnamese_ci NOT NULL,
  `Description` text CHARACTER SET utf8mb4 COLLATE utf8mb4_vietnamese_ci NOT NULL,
  `Content` text CHARACTER SET utf8mb4 COLLATE utf8mb4_vietnamese_ci NOT NULL,
  `ImageBackground` varchar(255) COLLATE utf8_bin NOT NULL,
  `Upload_at` timestamp NOT NULL DEFAULT current_timestamp() ON UPDATE current_timestamp(),
  `AccountID` varchar(10) CHARACTER SET utf8mb4 COLLATE utf8mb4_vietnamese_ci NOT NULL
) ENGINE=InnoDB DEFAULT CHARSET=utf8 COLLATE=utf8_bin;

--
-- Đang đổ dữ liệu cho bảng `news`
--

INSERT INTO `news` (`NewsID`, `Title`, `Description`, `Content`, `ImageBackground`, `Upload_at`, `AccountID`) VALUES
('25078614c6', 'Nàng béo Hàn Quốc gây sốt MXH vì nét xinh đầy đặn, vòng 1, vòng 3 ấn tượng lên tới 1m', 'Cô gái có biệt danh Roopretelcham từng được chú ý khắp các mạng xã hội nhờ vẻ \"khổng lồ\" nhưng quyến rũ. ', '', './assets/image/news/1636358893-23-thumbnail-width640height480.jpg', '2021-11-10 08:22:42', '1'),
('405aae28c7', 'Thấy thiếu nữ trên xe khác có cử chỉ lạ, lái xe bám theo, phát hiện bí mật rợn người', 'Một tài xế quyết định bám theo chiếc ô tô hơn 10 km để cung cấp thông tin cho cảnh sát, sau khi hiểu được cử chỉ bất thường của thiếu nữ trên xe.', '<p>H&atilde;ng CNN cuối tuần qua&nbsp;dẫn lời cảnh s&aacute;t Mỹ cho hay, một thiếu nữ đ&atilde; được giải cứu sau khi c&ocirc; ra &aacute;m hiệu bằng tay cầu cứu một t&agrave;i xế.</p>\r\n\r\n<p>Theo Văn ph&ograve;ng cảnh s&aacute;t trưởng quận Laurel, bang Kentucky, Mỹ, gia đ&igrave;nh thiếu nữ 16 tuổi ở th&agrave;nh phố Asheville, North Carolina, đ&atilde; tr&igrave;nh b&aacute;o về việc thiếu nữ mất t&iacute;ch h&ocirc;m 2/11. Hai ng&agrave;y sau, một t&agrave;i xế ở bang Kentucky đ&atilde; gọi cho đường d&acirc;y n&oacute;ng 911 để tr&igrave;nh b&aacute;o về việc ph&aacute;t hiện một c&ocirc; g&aacute;i ra hiệu cầu cứu.&nbsp;</p>\r\n\r\n<p>&quot;Người tr&igrave;nh b&aacute;o điều khiển xe ở ph&iacute;a sau chiếc &ocirc; t&ocirc; chở c&ocirc; g&aacute;i v&agrave; ph&aacute;t hiện c&ocirc; g&aacute;i trong xe đang ra dấu bằng tay ngụ &yacute; rằng: Bạo lực tại nh&agrave; - T&ocirc;i cần gi&uacute;p đỡ - Bạo lực tại nh&agrave;&quot;,&nbsp; theo th&ocirc;ng b&aacute;o từ Văn ph&ograve;ng cảnh s&aacute;t trưởng quận Laurel.&nbsp;</p>\r\n\r\n<p>Tổ chức từ thiện Canadian Women&#39;s Foundation cho biết, khi ai đ&oacute; d&ugrave;ng &quot;cử chỉ một tay&quot;, rất c&oacute; thể người đ&oacute; muốn &aacute;m chỉ rằng họ đang gặp nạn v&agrave; cần gi&uacute;p đỡ. &quot;Cử chỉ một tay&quot; như trường hợp của thiếu nữ &aacute;p dụng gồm c&aacute;c bước: giơ tay l&ecirc;n sao cho l&ograve;ng b&agrave;n tay hướng về ph&iacute;a người họ cầu cứu. Sau đ&oacute;, gập ng&oacute;n c&aacute;i sao cho ng&oacute;n n&agrave;y &aacute;p s&aacute;t v&agrave;o l&ograve;ng b&agrave;n tay. Cuối c&ugrave;ng, gập to&agrave;n bộ 4 ng&oacute;n c&ograve;n lại xuống để ch&uacute;ng &ocirc;m lấy ng&oacute;n c&aacute;i.&nbsp;</p>\r\n\r\n<p>Cảnh s&aacute;t chia sẻ với đ&agrave;i WYMT rằng, thiếu nữ đ&atilde; học được &quot;cử chỉ một tay&quot; tr&ecirc;n mạng x&atilde; hội. T&agrave;i xế gọi điện b&aacute;o cho 911 đ&atilde; b&aacute;m theo chiếc xe chở thiếu nữ hơn 10 km để cung cấp th&ocirc;ng tin ch&iacute;nh x&aacute;c cho cảnh s&aacute;t. Lực lượng chức năng sau đ&oacute; đ&atilde; chặn chiếc xe lại v&agrave; giải cứu thiếu nữ.&nbsp;</p>\r\n\r\n<p>Cảnh s&aacute;t cũng cho biết, nghi phạm ban đầu đưa thiếu nữ từ North Carolina tới Ohio, nơi c&oacute; người th&acirc;n của t&ecirc;n n&agrave;y. Tuy nhi&ecirc;n, cả hai kh&ocirc;ng được ch&agrave;o đ&oacute;n khi người th&acirc;n của nghi phạm ph&aacute;t hiện thiếu nữ mới 16 tuổi v&agrave; gia đ&igrave;nh nạn nh&acirc;n đ&atilde; b&aacute;o mất t&iacute;ch.&nbsp;</p>\r\n\r\n<p>&quot;Ch&uacute;ng t&ocirc;i kh&ocirc;ng r&otilde; nạn nh&acirc;n đ&atilde; ra dấu trong bao l&acirc;u v&agrave; với bao nhi&ecirc;u t&agrave;i xế, nhưng cuối c&ugrave;ng cũng c&oacute; người hiểu được&quot;, đ&agrave;i WYMT dẫn lời cảnh s&aacute;t địa phương.&nbsp;</p>\r\n\r\n<p>Nghi phạm bị bắt giữ h&ocirc;m 4/11 v&agrave; bị c&aacute;o buộc tội giam giữ bất hợp ph&aacute;p v&agrave; c&oacute; dấu hiệu x&acirc;m hại t&igrave;nh dục trẻ vị th&agrave;nh ni&ecirc;n.&nbsp;</p>\r\n', './assets/image/news/Bao-canh-sat-vi-thay-thieu-nu-tren-xe-khac-co-cu-chi-la-tai-xe-bat-ngo-lap-cong-1-1636357248-724-width1092height819.jpg', '2021-11-10 08:55:40', '1'),
('4b5689c198', 'Thêm 1 loại vắc-xin phòng COVID-19 được phê duyệt tại Việt Nam', 'Ngày 10/11 Bộ Y tế đã phê duyệt vắc xin Covaxin do Công ty Bharat Biotech International Limited (Ấn Độ) sản xuất. Trước đó, Tổ chức Y tế Thế giới (WHO) cũng đã ban hành sử dụng khẩn cấp (EUL) đối với vắc xin Covaxin (do Bharat Biotech - Ấn Độ phát triển), bổ sung vào danh mục vắc xin ngày càng tăng được WHO xác nhận để phòng ngừa COVID-19 do SARS-CoV- 2.', '<p>Mỗi liều&nbsp;<a href=\"https://www.24h.com.vn/vac-xin-covid-19-c46e6432.html\">vắc xin</a>&nbsp;c&oacute; 0,5 ml chứa 6 mcg kh&aacute;ng nguy&ecirc;n to&agrave;n&nbsp;<a href=\"https://www.24h.com.vn/tong-hop-so-lieu-dich-covid-19-c972.html\">SARS-CoV-2</a>&nbsp;bất hoạt (chủng NIV-2020-770), b&agrave;o chế ở dạng hỗn dịch ti&ecirc;m. Vắc xin được đ&oacute;ng g&oacute;i hộp 16 lọ, mỗi lọ chứa 1 liều, 5 liều, 10 liều v&agrave; 20 liều; mỗi liều 0,5 ml.</p>\r\n\r\n<p>Bộ Y tế cũng quy định c&aacute;c điều kiện đi k&egrave;m việc ph&ecirc; duyệt Covaxin cho nhu cầu cấp b&aacute;ch trong ph&ograve;ng, chống dịch bệnh COVID-19. Cụ thể, Cục Quản l&yacute; Dược c&oacute; tr&aacute;ch nhiệm cấp ph&eacute;p nhập khẩu vắc xin Covaxin theo quy định khi nhận được hồ sơ của cơ sở nhập khẩu. Cơ quan n&agrave;y cần thực hiện đ&uacute;ng quy định của ph&aacute;p luật về quản l&yacute; nhập khẩu, quản l&yacute; chất lượng vắc xin nhập khẩu.</p>\r\n\r\n<p>Cục Khoa học C&ocirc;ng nghệ v&agrave; Đ&agrave;o tạo c&oacute; tr&aacute;ch nhiệm lựa chọn đơn vị c&oacute; đủ điều kiện đ&aacute;nh gi&aacute; t&iacute;nh an to&agrave;n, hiệu quả của vắc xin Covaxin tr&ecirc;n cơ sở &yacute; kiến của Hội đồng Tư vấn sử dụng vắc xin, sinh phẩm y tế của Bộ Y tế (Hội đồng Tư vấn) trong qu&aacute; tr&igrave;nh sử dụng.</p>\r\n\r\n<p>Cục Y tế Dự ph&ograve;ng thực hiện c&aacute;c tr&aacute;ch nhiệm li&ecirc;n quan đến ti&ecirc;m chủng vắc xin Covaxin. Viện Kiểm định Quốc gia Vắc xin v&agrave; Sinh phẩm Y tế c&oacute; tr&aacute;ch nhiệm kiểm định v&agrave; cấp Giấy chứng nhận xuất xưởng l&ocirc; vắc xin Covaxin trước khi đưa ra sử dụng.</p>\r\n\r\n<p>Bộ Y tế cũng đề nghị đơn vị đề nghị ph&ecirc; duyệt vắc xin c&oacute; tr&aacute;ch nhiệm phản hồi kịp thời c&aacute;c y&ecirc;u cầu của bộ để bổ sung th&ecirc;m dữ liệu hoặc những y&ecirc;u cầu c&oacute; li&ecirc;n quan vắc xin Covaxin v&agrave; chủ động cung cấp, cập nhật th&ocirc;ng tin mới trong suốt qu&aacute; tr&igrave;nh ph&aacute;t triển sản phẩm.</p>\r\n\r\n<p>C&ocirc;ng ty n&agrave;y phải phối hợp với cơ sở sản xuất vắc xin đảm bảo c&aacute;c điều kiện sản xuất tại cơ sở sản xuất vắc xin Covaxin nhập khẩu v&agrave;o Việt Nam; đảm bảo an to&agrave;n, hiệu quả v&agrave; chất lượng của l&ocirc; vắc xin Covaxin nhập khẩu v&agrave;o Việt Nam.</p>\r\n\r\n<p>Đồng thời, phải phối hợp với đơn vị ph&acirc;n phối, sử dụng vắc xin Covaxin triển khai hệ thống cảnh gi&aacute;c dược to&agrave;n diện đối với loại vắc xin n&agrave;y tại Việt Nam theo quy định của ph&aacute;p luật.</p>\r\n\r\n<p>Phối hợp với c&aacute;c cơ quan quản l&yacute; (Cục Khoa học c&ocirc;ng nghệ v&agrave; Đ&agrave;o tạo, Viện Kiểm định Quốc gia vắc xin v&agrave; sinh phẩm y tế, cục Y tế dự ph&ograve;ng, Viện Vệ sinh dịch tễ Trung ương) v&agrave; đơn vị c&oacute; đủ điều kiện tổ chức thực hiện việc đ&aacute;nh gi&aacute; t&iacute;nh an to&agrave;n, hiệu quả của Covaxin; kiểm định c&aacute;c l&ocirc; vắc xin Covaxin trước khi đưa ra sử dụng; hướng dẫn việc bảo quản, ph&acirc;n phối v&agrave; sử dụng vắc xin cho c&aacute;c cơ sở ti&ecirc;m chủng.</p>\r\n\r\n<p>Hiện Việt Nam c&oacute; 9 loại&nbsp;<a href=\"https://www.24h.com.vn/vac-xin-covid-19-c46e6432.html\">vắc xin COVID-19</a>&nbsp;đ&atilde; được ph&ecirc; duyệt c&oacute; điều kiện cho nhu cầu cấp b&aacute;ch trong ph&ograve;ng chống dịch sử dụng gồm: AstraZeneca (do AstraZeneca sản xuất); SputnikV (Viện nghi&ecirc;n cứu Gamaleya); COVID-19 vắc xin Janssen (Johnson &amp; Johnson); Spikevax (COVID-19 Vắc xin Moderna); Comirnaty (Pfizer-BioNTech); Vero Cell (China National Biotec Group (CNBG)/Sinopharm); Hayat - Vax (CNBG); Abdala (C&ocirc;ng ty AICA Laboraries, Base Business Unit (BBU) AICA - Cuba) v&agrave; Covaxin (C&ocirc;ng ty Bharat Biotech International Limited - Ấn Độ).</p>\r\n', './assets/image/news/Them-1-loai-vac-xin-phong-COVID-19-duoc-phe-duyet-tai-Viet-Nam-1-1636531025-722-width715height402.jpeg', '2021-11-10 08:57:27', '1'),
('a4832bc844', 'Năm 2021 thu ngân sách tăng 7.200 tỷ, trong đó có gần 3.000 tỷ tiền thuê đất của ĐSQ Mỹ', 'Giải trình trước Quốc hội tại phiên thảo luận kinh tế - xã hội, Bộ trưởng Tài chính Hồ Đức Phớc lý giải việc năm nay khó khăn nhưng thu nội địa vẫn tăng lên.', '<p>Theo đ&oacute;, một trong những khoản thu đột biến trong năm nay l&agrave; 2.997 tỷ đồng tiền thu&ecirc; đất của đại sứ qu&aacute;n Mỹ.</p>\r\n\r\n<p>Cụ thể, Bộ trưởng T&agrave;i ch&iacute;nh cho biết năm nay, ng&acirc;n s&aacute;ch đ&atilde; thu tăng l&ecirc;n&nbsp;7.200 tỷ đồng&nbsp;từ ph&aacute;t sinh của năm 2020 trở về trước, như truy thu thuế nh&agrave; thầu của Formosa được 2.257 tỷ, xử l&yacute; thu ch&ecirc;nh lệch gi&aacute; kh&iacute; trong bao ti&ecirc;u sản phẩm 2.457 tỷ, thu ng&acirc;n s&aacute;ch đối với c&aacute;c khoản kh&aacute;c l&agrave; 2.500 tỷ.</p>\r\n\r\n<p>&quot;Đặc biệt ph&aacute;t sinh đột biến l&agrave; 2.997 tỷ tiền thu&ecirc; đất của Đại sứ qu&aacute;n Mỹ&quot;, Bộ trưởng n&oacute;i.</p>\r\n', './assets/image/news/test2.jpg', '2021-11-10 08:15:45', '1'),
('bc864b982f', 'Giá xăng tiếp tục tăng mạnh, phá đỉnh 7 năm qua kể từ 15 giờ chiều 10/11', 'Chiều ngày 10/11, Liên Bộ Công Thương - Tài chính điều chỉnh giá xăng dầu.', '<p>Theo số liệu từ Bộ C&ocirc;ng Thương,&nbsp;<a href=\"https://www.24h.com.vn/tang-gia-xang-c46e1783.html\">gi&aacute; xăng</a>&nbsp;dầu th&agrave;nh phẩm tr&ecirc;n thị trường Singapore t&iacute;nh đến ng&agrave;y 2/11 tăng khoảng 3 - 4% so với ng&agrave;y 26/10 l&ecirc;n khoảng 98 - 100 USD/th&ugrave;ng.</p>\r\n\r\n<p>Ch&iacute;nh v&igrave; vậy, Li&ecirc;n Bộ C&ocirc;ng thương- T&agrave;i ch&iacute;nh quyết định điều chỉnh&nbsp;gi&aacute; xăng dầu&nbsp;từ 15h chiều nay như sau:</p>\r\n\r\n<p>Xăng E5RON92 tăng 559&nbsp;đồng mỗi l&iacute;t;</p>\r\n\r\n<p>Xăng RON 95 tăng 658 đồng/l&iacute;t.</p>\r\n\r\n<p>Dầu diesel v&agrave; dầu hỏa giữ nguy&ecirc;n;</p>\r\n\r\n<p>Dầu mazut giảm 389 đồng/kg.</p>\r\n\r\n<p>Theo đ&oacute; sau điều chỉnh&nbsp;<a href=\"https://www.24h.com.vn/tang-gia-xang-c46e1783.html\">gi&aacute; xăng dầu</a>&nbsp;tr&ecirc;n thị trường như sau:</p>\r\n\r\n<p>Xăng E5RON92: kh&ocirc;ng cao hơn&nbsp;23.669&nbsp;đồng/l&iacute;t;</p>\r\n\r\n<p>Xăng RON 95 kh&ocirc;ng cao hơn&nbsp;24.996&nbsp;đồng/l&iacute;t,</p>\r\n\r\n<p>Dầu diesel kh&ocirc;ng cao hơn&nbsp;18.716 đồng/l&iacute;t;</p>\r\n\r\n<p>Dầu hỏa kh&ocirc;ng cao hơn&nbsp;17.637 đồng/l&iacute;t</p>\r\n\r\n<p>Dầu mazut kh&ocirc;ng cao hơn&nbsp; 16.821&nbsp;đồng/kg.</p>\r\n', './assets/image/news/Gia-xang-tang-manh-len-muc-cao-nhat-7-nam-qua-ke-tu-16-gio-chieu-26-10-2333-1636526187-150-width500height375.jpg', '2021-11-10 08:56:36', '1');

-- --------------------------------------------------------

--
-- Cấu trúc bảng cho bảng `orderdetail`
--

CREATE TABLE `orderdetail` (
  `DetailID` int(10) NOT NULL,
  `OrderID` varchar(10) CHARACTER SET utf8mb4 COLLATE utf8mb4_vietnamese_ci NOT NULL,
  `ProductID` varchar(10) CHARACTER SET utf8mb4 COLLATE utf8mb4_vietnamese_ci NOT NULL,
  `Quantity` int(10) NOT NULL,
  `Price` int(10) NOT NULL,
  `Counpons` float NOT NULL,
  `TotalPrice` int(10) NOT NULL,
  `StatusID` int(11) NOT NULL
) ENGINE=InnoDB DEFAULT CHARSET=utf8 COLLATE=utf8_bin;

--
-- Đang đổ dữ liệu cho bảng `orderdetail`
--

INSERT INTO `orderdetail` (`DetailID`, `OrderID`, `ProductID`, `Quantity`, `Price`, `Counpons`, `TotalPrice`, `StatusID`) VALUES
(58, 'b9fe407712', '3d99293197', 2, 98982000, 0, 197964000, 4),
(59, 'b9fe407712', '664e687d72', 2, 23690000, 0, 47380000, 4),
(60, 'bbb239568e', '222359ce8d', 1, 24490000, 0, 24490000, 2),
(61, 'bbb239568e', '949e1a0968', 1, 18891000, 0, 18891000, 2);

-- --------------------------------------------------------

--
-- Cấu trúc bảng cho bảng `orderstatus`
--

CREATE TABLE `orderstatus` (
  `StatusID` int(11) NOT NULL,
  `StatusName` varchar(255) CHARACTER SET utf8mb4 COLLATE utf8mb4_vietnamese_ci NOT NULL
) ENGINE=InnoDB DEFAULT CHARSET=utf8 COLLATE=utf8_bin;

--
-- Đang đổ dữ liệu cho bảng `orderstatus`
--

INSERT INTO `orderstatus` (`StatusID`, `StatusName`) VALUES
(1, 'Huỷ bỏ'),
(2, 'Đang chờ'),
(3, 'Hoàn thành'),
(4, 'Đang xử lí');

-- --------------------------------------------------------

--
-- Cấu trúc bảng cho bảng `orderz`
--

CREATE TABLE `orderz` (
  `OrderID` varchar(10) CHARACTER SET utf8mb4 COLLATE utf8mb4_vietnamese_ci NOT NULL,
  `AccountID` varchar(10) CHARACTER SET utf8mb4 COLLATE utf8mb4_vietnamese_ci NOT NULL,
  `OrderDate` timestamp NOT NULL DEFAULT current_timestamp() ON UPDATE current_timestamp(),
  `Desription` text CHARACTER SET utf8mb4 COLLATE utf8mb4_vietnamese_ci NOT NULL
) ENGINE=InnoDB DEFAULT CHARSET=utf8 COLLATE=utf8_bin;

--
-- Đang đổ dữ liệu cho bảng `orderz`
--

INSERT INTO `orderz` (`OrderID`, `AccountID`, `OrderDate`, `Desription`) VALUES
('b9fe407712', 'd37d0cb5e8', '2021-11-11 02:54:11', 'Đặt hàng lúc 9h54'),
('bbb239568e', '82450a91d8', '2021-11-11 02:55:07', '9h55');

-- --------------------------------------------------------

--
-- Cấu trúc bảng cho bảng `productcolor`
--

CREATE TABLE `productcolor` (
  `ColorID` varchar(10) CHARACTER SET utf8mb4 COLLATE utf8mb4_vietnamese_ci NOT NULL,
  `ColorName` varchar(255) CHARACTER SET utf8mb4 COLLATE utf8mb4_vietnamese_ci NOT NULL
) ENGINE=InnoDB DEFAULT CHARSET=utf8 COLLATE=utf8_bin;

--
-- Đang đổ dữ liệu cho bảng `productcolor`
--

INSERT INTO `productcolor` (`ColorID`, `ColorName`) VALUES
('1', 'Đen bóng'),
('2', 'Bạc '),
('6be19cbbc5', 'Xám bạc');

-- --------------------------------------------------------

--
-- Cấu trúc bảng cho bảng `products`
--

CREATE TABLE `products` (
  `ProductID` varchar(10) CHARACTER SET utf8mb4 COLLATE utf8mb4_vietnamese_ci NOT NULL,
  `ProductName` varchar(255) CHARACTER SET utf8mb4 COLLATE utf8mb4_vietnamese_ci NOT NULL,
  `Image` varchar(255) COLLATE utf8_bin NOT NULL,
  `Price` int(10) NOT NULL,
  `Discount` int(10) NOT NULL,
  `Total` int(10) NOT NULL,
  `Description` text CHARACTER SET utf8mb4 COLLATE utf8mb4_vietnamese_ci NOT NULL,
  `YearOfProduction` int(4) NOT NULL,
  `Quantity` int(10) NOT NULL,
  `BrandID` varchar(10) CHARACTER SET utf8mb4 COLLATE utf8mb4_vietnamese_ci NOT NULL,
  `ColorID` varchar(10) CHARACTER SET utf8mb4 COLLATE utf8mb4_vietnamese_ci NOT NULL,
  `SsdID` varchar(10) CHARACTER SET utf8mb4 COLLATE utf8mb4_vietnamese_ci NOT NULL,
  `HddID` varchar(10) CHARACTER SET utf8mb4 COLLATE utf8mb4_vietnamese_ci NOT NULL,
  `CardID` varchar(10) CHARACTER SET utf8mb4 COLLATE utf8mb4_vietnamese_ci NOT NULL,
  `RamID` varchar(10) CHARACTER SET utf8mb4 COLLATE utf8mb4_vietnamese_ci NOT NULL
) ENGINE=InnoDB DEFAULT CHARSET=utf8 COLLATE=utf8_bin;

--
-- Đang đổ dữ liệu cho bảng `products`
--

INSERT INTO `products` (`ProductID`, `ProductName`, `Image`, `Price`, `Discount`, `Total`, `Description`, `YearOfProduction`, `Quantity`, `BrandID`, `ColorID`, `SsdID`, `HddID`, `CardID`, `RamID`) VALUES
('222359ce8d', 'Laptop MSI Gaming GF65 Thin 10UE i5 10500H/16GB/512GB/6GB RTX3060 Max-Q/144Hz/Balo/Win10 (286VN) ', './assets/image/imgProduct/msi-gamin-gf65-thin-10ue-i5-10500h-16gb-512gb-6gb-600x600.jpg', 24490000, 0, 24490000, '<h3>Tối ưu h&oacute;a cho mọi hoạt động từ đồ họa đến chiến game,&nbsp;<a href=\"https://www.thegioididong.com/laptop/msi-gamin-gf65-thin-10ue-i5-286vn\" target=\"_blank\">MSI GF65 Thin 10UE i5 (286VN)</a>&nbsp;sẽ l&agrave;&nbsp;người cộng sự đắc lực với thiết kế độc đ&aacute;o v&agrave; cấu h&igrave;nh mạnh mẽ, c&ugrave;ng bạn x&ocirc;ng pha tr&ecirc;n mọi chiến trường ảo.</h3>\r\n\r\n<h3>Tự tin c&ugrave;ng bạn chinh chiến game với sức mạnh hiệu năng vượt trội</h3>\r\n\r\n<p>Xử l&yacute; mọi t&aacute;c vụ văn ph&ograve;ng một c&aacute;ch ấn lượng hay thỏa m&atilde;n bạn với mọi tựa game kịch t&iacute;nh nhất hiện nay như Cyberpunk 2077, CS:GO, LOL, FIFA, PUBG: Battlegrounds,... nhờ hiệu năng vượt bật của bộ CPU&nbsp;<a href=\"https://www.thegioididong.com/laptop?g=core-i5\" target=\"_blank\">Intel Core i5</a>&nbsp;<strong>10500H</strong>&nbsp;sở hữu cấu tr&uacute;c&nbsp;<strong>6 nh&acirc;n 12 luồng</strong>, mang đến tốc độ xung nhịp cơ bản&nbsp;<strong>2.50 GHz&nbsp;</strong>v&agrave; đạt tối đa l&ecirc;n đến&nbsp;<strong>4.5 GHz&nbsp;</strong><strong>Turbo Boost</strong>.</p>\r\n\r\n<p>Phi&ecirc;n bản laptop n&agrave;y mang đến cho người d&ugrave;ng trải nghiệm ấn tượng hơn nhờ khả năng đa nhiệm cực tốt đến từ bộ nhớ&nbsp;<a href=\"https://www.thegioididong.com/laptop?g=16-gb\" target=\"_blank\">RAM 16 GB</a>&nbsp;chuẩn&nbsp;<strong>DDR4 2 khe (1 khe 8 GB +&nbsp;1 khe 8 GB)</strong>&nbsp;với tốc độ bus RAM&nbsp;<strong>3200MHz</strong>, cho ph&eacute;p bạn mở v&agrave; vận h&agrave;nh c&ugrave;ng l&uacute;c nhiều ứng dụng. Th&ecirc;m v&agrave;o đ&oacute;, MSI c&ograve;n hỗ trợ n&acirc;ng cấp RAM tối đa l&ecirc;n đến&nbsp;<strong>64 GB</strong>, tối ưu nhu cầu sử dụng.</p>\r\n\r\n<p><a href=\"https://www.thegioididong.com/images/44/250547/msi-gaming-gf65-thin-10ue-i5-286vn-1.jpg\" onclick=\"return false;\"><img alt=\"MSI Gaming GF65 Thin 10UE i5 10500H (286VN) - Cấu hình\" src=\"https://cdn.tgdd.vn/Products/Images/44/250547/msi-gaming-gf65-thin-10ue-i5-286vn-1.jpg\" /></a></p>\r\n\r\n<p>M&aacute;y được trang bị&nbsp;<a href=\"https://www.thegioididong.com/laptop-card-do-hoa-roi\" target=\"_blank\">card đồ họa rời</a>&nbsp;<strong>NVIDIA</strong>&nbsp;<strong><a href=\"https://www.thegioididong.com/laptop-geforce-rtx\" target=\"_blank\">GeForce RTX</a>&nbsp;3060 Max-Q 6GB</strong>&nbsp;được thiết kế dựa tr&ecirc;n kiến tr&uacute;c Ampere t&acirc;n tiến, cho ph&eacute;p người d&ugrave;ng thao t&aacute;c mượt m&agrave;, loại bỏ tối đa c&aacute;c hiện tượng giật lag hay b&oacute;ng ma, mang đến mọi chuyển động trơn tru kể cả game c&oacute; mức c&agrave;i đặt cao. Kh&ocirc;ng dừng lại ở việc chiến game, laptop GF65 c&ograve;n hỗ trợ bạn chỉnh sửa h&igrave;nh ảnh, render video,... một c&aacute;ch hiệu quả c&ugrave;ng c&aacute;c ứng dụng Photoshop, AI, Premiere,...</p>\r\n\r\n<p><a href=\"https://www.thegioididong.com/images/44/250547/msi-gaming-gf65-thin-10ue-i5-286vn-2.jpg\" onclick=\"return false;\"><img alt=\"MSI Gaming GF65 Thin 10UE i5 10500H (286VN) - Card đồ họa\" src=\"https://cdn.tgdd.vn/Products/Images/44/250547/msi-gaming-gf65-thin-10ue-i5-286vn-2.jpg\" /></a></p>\r\n\r\n<p>Ổ cứng&nbsp;<strong><a href=\"https://www.thegioididong.com/laptop?g=ssd-512-gb\" target=\"_blank\">SSD 512 GB</a>&nbsp;NVMe PCle&nbsp;</strong>với kh&ocirc;ng gian lưu trữ rộng lớn c&ugrave;ng khả năng truy cập v&agrave; phản hồi nhanh ch&oacute;ng tức thời. Đồng thời, bạn c&oacute; thể dễ d&agrave;ng th&aacute;o rời ổ cứng v&agrave; thay thế bằng thanh kh&aacute;c tối đa&nbsp;<strong>2 TB</strong>, phục vụ tối ưu cho mọi nhu cầu của bạn.</p>\r\n\r\n<p>Mở rộng bộ nhớ dễ d&agrave;ng hơn nhờ&nbsp;<a href=\"https://www.thegioididong.com/laptop\" target=\"_blank\">laptop</a>&nbsp;được trang bị th&ecirc;m khe cắm&nbsp;<strong>SSD M.2 PCle (n&acirc;ng cấp tối đa 2 TB)</strong>, cho bạn l&agrave;m việc v&agrave; giải tr&iacute; thoải m&aacute;i với kh&ocirc;ng gian lưu trữ rộng lớn.</p>\r\n\r\n<p><a href=\"https://www.thegioididong.com/images/44/250547/msi-gaming-gf65-thin-10ue-i5-286vn-3.jpg\" onclick=\"return false;\"><img alt=\"MSI Gaming GF65 Thin 10UE i5 10500H (286VN) - SSD\" src=\"https://cdn.tgdd.vn/Products/Images/44/250547/msi-gaming-gf65-thin-10ue-i5-286vn-3.jpg\" /></a></p>\r\n\r\n<h3>Bắt mắt với vẻ ngo&agrave;i hiện đại to&aacute;t l&ecirc;n sức h&uacute;t mạnh mẽ</h3>\r\n\r\n<p>Mang đến cho người d&ugrave;ng một thiết kế đậm chất viễn tưởng với logo&nbsp;<a href=\"https://www.thegioididong.com/laptop-msi\" target=\"_blank\">MSI</a>&nbsp;đỏ rực nổi bật tr&ecirc;n nền đen huyền b&iacute; của lớp vỏ nhựa phay xước bền bỉ c&ugrave;ng trọng lượng&nbsp;<strong>1.86 kg</strong>&nbsp;v&agrave; d&agrave;y<strong>&nbsp;21.7 mm</strong>, lu&ocirc;n trong tư thế sẵn s&agrave;ng c&ugrave;ng bạn chiến game tr&ecirc;n mọi mặt trận d&ugrave; ở bất kỳ đ&acirc;u.</p>\r\n\r\n<p><a href=\"https://www.thegioididong.com/images/44/250547/msi-gaming-gf65-thin-10ue-i5-286vn.jpg\" onclick=\"return false;\"><img alt=\"MSI Gaming GF65 Thin 10UE i5 10500H (286VN) - Thiết kế\" src=\"https://cdn.tgdd.vn/Products/Images/44/250547/msi-gaming-gf65-thin-10ue-i5-286vn.jpg\" /></a></p>\r\n\r\n<p>G&acirc;y ấn tượng mạnh mẽ hơn khi phi&ecirc;n bản&nbsp;<a href=\"https://www.thegioididong.com/laptop-msi-gaming\" target=\"_blank\">laptop MSI gaming</a>&nbsp;n&agrave;y sở hữu b&agrave;n ph&iacute;m với h&agrave;nh tr&igrave;nh ph&iacute;m th&iacute;ch hợp, độ nảy tốt được trang bị&nbsp;<strong>đ&egrave;n nền sắc</strong>&nbsp;<strong>đỏ</strong>&nbsp;bắt mắt như tiếp th&ecirc;m sức mạnh cho c&aacute;c game thủ, đem đến lợi thế chiến thắng trong h&agrave;ng loạt trận chiến.</p>\r\n\r\n<p><a href=\"https://www.thegioididong.com/images/44/250547/msi-gaming-gf65-thin-10ue-i5-286vn-4.jpg\" onclick=\"return false;\"><img alt=\"MSI Gaming GF65 Thin 10UE i5 10500H (286VN) - Bàn phím\" src=\"https://cdn.tgdd.vn/Products/Images/44/250547/msi-gaming-gf65-thin-10ue-i5-286vn-4.jpg\" /></a></p>\r\n\r\n<p>Đa dạng c&aacute;c cổng giao tiếp được trang bị ở chiếc&nbsp;<a href=\"https://www.thegioididong.com/laptop?g=laptop-gaming\" target=\"_blank\">laptop gaming</a>&nbsp;n&agrave;y như: 2 cổng USB 3.2, 2 cổng USB Type-C, HDMI, Jack tai nghe 3.5 mm v&agrave; LAN (RJ45), hỗ trợ bạn kết nối v&agrave; truyền xuất dữ liệu dễ d&agrave;ng hơn với nhiều loại thiết bị tương th&iacute;ch kh&aacute;c nhau.</p>\r\n\r\n<p><a href=\"https://www.thegioididong.com/images/44/250547/msi-gaming-gf65-thin-10ue-i5-286vn-9.jpg\" onclick=\"return false;\"><img alt=\"MSI Gaming GF65 Thin 10UE i5 10500H (286VN) - Cổng kết nối\" src=\"https://cdn.tgdd.vn/Products/Images/44/250547/msi-gaming-gf65-thin-10ue-i5-286vn-9.jpg\" /></a></p>\r\n\r\n<p>Đường truyền ổn định trong cả trận game nhờ kết nối kh&ocirc;ng d&acirc;y&nbsp;<strong>Bluetooth 5.1&nbsp;</strong>v&agrave;<strong>&nbsp;Wi-Fi 6 (802.11ax)</strong>, cho bạn thuận lợi giải tr&iacute; hay l&agrave;m việc ở bất kỳ đ&acirc;u m&agrave; kh&ocirc;ng lo ngắt qu&atilde;ng, gi&aacute;n đoạn.</p>\r\n\r\n<h3>Ch&igrave;m đắm trong kh&ocirc;ng gian sống động như thật</h3>\r\n\r\n<p><a href=\"https://www.thegioididong.com/laptop-15-6-inch\" target=\"_blank\">M&agrave;n h&igrave;nh viền mỏng 15.6 inch</a>&nbsp;được trang bị độ ph&acirc;n giải&nbsp;<strong>Full HD&nbsp;(1920 x 1080)&nbsp;</strong>cho bạn cảm gi&aacute;c như đang ở trong ch&iacute;nh trận đấu với h&igrave;nh ảnh ch&acirc;n thật sắc n&eacute;t c&ugrave;ng những chuyển động mượt m&agrave; hơn bao giờ hết, kh&ocirc;ng lo t&igrave;nh trạng giật, lag nhờ tần số qu&eacute;t&nbsp;<a href=\"https://www.thegioididong.com/laptop-144-hz\" target=\"_blank\">m&agrave;n h&igrave;nh 144 Hz</a>.</p>\r\n\r\n<p><a href=\"https://www.thegioididong.com/images/44/250547/msi-gaming-gf65-thin-10ue-i5-286vn-7.jpg\" onclick=\"return false;\"><img alt=\"MSI Gaming GF65 Thin 10UE i5 10500H (286VN) - Tần số quét\" src=\"https://cdn.tgdd.vn/Products/Images/44/250547/msi-gaming-gf65-thin-10ue-i5-286vn-7.jpg\" /></a></p>\r\n\r\n<p>Giảm thiểu tối đa t&aacute;c hại của &aacute;nh s&aacute;ng xanh đến mắt người d&ugrave;ng nhờ&nbsp;<a href=\"https://www.thegioididong.com/laptop-man-hinh-chong-choi\" target=\"_blank\">c&ocirc;ng nghệ chống ch&oacute;i Anti Glare</a>, cho bạn tận hưởng kh&ocirc;ng gian giải tr&iacute; cả ng&agrave;y lẫn đ&ecirc;m với khung h&igrave;nh được mở rộng đến<strong>&nbsp;178 độ</strong>&nbsp;đến từ tấm nền&nbsp;<strong>IPS</strong>.</p>\r\n\r\n<p><a href=\"https://www.thegioididong.com/images/44/250547/msi-gaming-gf65-thin-10ue-i5-286vn-6.jpg\" onclick=\"return false;\"><img alt=\"MSI Gaming GF65 Thin 10UE i5 10500H (286VN) - Màn hình\" src=\"https://cdn.tgdd.vn/Products/Images/44/250547/msi-gaming-gf65-thin-10ue-i5-286vn-6.jpg\" /></a></p>\r\n\r\n<p>Sự kết hợp h&agrave;i h&ograve;a giữa c&ocirc;ng nghệ &acirc;m thanh&nbsp;<a href=\"https://www.thegioididong.com/hoi-dap/cong-nghe-nahimic-audio-964800\" target=\"_blank\">Nahimic Audio</a>&nbsp;v&agrave;<a href=\"https://www.thegioididong.com/hoi-dap/tim-hieu-ve-cong-nghe-am-thanh-realtek-high-defini-1181909\" target=\"_blank\">&nbsp;Realtek High Definition Audio</a>&nbsp;mang đến cho bạn &acirc;m thanh đ&uacute;ng chuẩn c&ugrave;ng khả năng khuếch đại &acirc;m thanh v&agrave; t&iacute;nh năng t&ugrave;y chỉnh &acirc;m nhạc, khiến bạn đắm ch&igrave;m v&agrave;o sự thoải m&aacute;i đầy thư gi&atilde;n của phim ảnh hay &acirc;m nhạc.</p>\r\n\r\n<p><a href=\"https://www.thegioididong.com/images/44/250547/msi-gaming-gf65-thin-10ue-i5-286vn-8.jpg\" onclick=\"return false;\"><img alt=\"MSI Gaming GF65 Thin 10UE i5 10500H (286VN) - Âm thanh\" src=\"https://cdn.tgdd.vn/Products/Images/44/250547/msi-gaming-gf65-thin-10ue-i5-286vn-8.jpg\" /></a></p>\r\n\r\n<p>Chiến hữu đắc lực&nbsp;MSI GF65 Thin 10UE i5 (286VN) sẽ lu&ocirc;n đồng h&agrave;nh c&ugrave;ng bạn tạo n&ecirc;n những chiến thắng đầy thuyết phục, l&agrave; sự lựa chọn ph&ugrave; hợp cho bất kỳ người d&ugrave;ng n&agrave;o.</p>\r\n', 2021, 99, '2578b2974d', '1', '1', '1', '1', '3'),
('3d99293197', 'Laptop Apple MacBook Pro 14 M1 Pro 2021 8 core-CPU/16GB/512GB/14 core-GPU (MKGP3SA/A)', './assets/image/imgProduct/apple-macbook-pro-14-m1-pro-2021-600x600.jpg', 54990000, 10, 49491000, '<h3>Sự đẳng cấp kh&ocirc;ng chỉ ở thiết kế thời thượng, sang trọng m&agrave; c&ograve;n sở hữu sức mạnh si&ecirc;u năng với con chip Apple M1 Pro phi&ecirc;n bản n&acirc;ng cấp ấn tượng đến từ nh&agrave; Apple, mang đến cho bạn trải nghiệm l&agrave;m việc chuy&ecirc;n nghiệp nhất d&ugrave; l&agrave; c&aacute;c t&aacute;c vụ&nbsp;<a href=\"https://www.thegioididong.com/laptop?g=do-hoa-ky-thuat\" target=\"_blank\">đồ họa - kỹ thuật&nbsp;</a>chuy&ecirc;n s&acirc;u.</h3>\r\n\r\n<h3>Sức mạnh hiệu năng đỉnh cao hơn bao giờ hết</h3>\r\n\r\n<p><a href=\"https://www.thegioididong.com/tin-tuc/apple-m1-pro-la-gi-1391496\" target=\"_blank\">Apple M1 Pro</a>&nbsp;l&agrave; phi&ecirc;n bản kế nhiệm của con chip Apple M1 với tiến tr&igrave;nh&nbsp;<strong>5 nm</strong>, t&iacute;ch hợp&nbsp;<strong>8&nbsp;l&otilde;i CPU</strong>&nbsp;với&nbsp;<strong>6&nbsp;l&otilde;i&nbsp;</strong>hiệu suất cao v&agrave;&nbsp;<strong>2&nbsp;l&otilde;i</strong>&nbsp;tiết kiệm điện mang đến cho bạn một hiệu suất l&agrave;m việc cực kỳ cao với tốc độ xử l&yacute; nhanh ch&oacute;ng nhanh hơn&nbsp;<strong>70%&nbsp;</strong>v&agrave; hiệu năng tăng&nbsp;<strong>1.7 lần&nbsp;</strong>so với c&aacute;c thế hệ tiền nhiệm đồng thời tiết kiệm một lượng điện năng đ&aacute;ng kể để k&eacute;o d&agrave;i thời lượng pin hơn.</p>\r\n\r\n<p>Dễ d&agrave;ng chinh phục c&aacute;c t&aacute;c vụ khắt khe nhất như chỉnh sửa ảnh với độ ph&acirc;n giải cao, thiết kế đồ họa 2D, 3D, render video&nbsp;chuy&ecirc;n nghiệp tr&ecirc;n c&aacute;c ứng dụng của nh&agrave; Adobe như Photoshop, Illustrator, Premiere,... nhanh hơn gấp&nbsp;<strong>2 lần</strong>&nbsp;so với chip Apple M1 v&agrave; gấp&nbsp;<strong>7 lần</strong>&nbsp;so với c&aacute;c chip đồ họa t&iacute;ch hợp 8 l&otilde;i phổ biến hiện nay nhờ v&agrave;o<strong>&nbsp;14 nh&acirc;n GPU</strong>&nbsp;mạnh mẽ.</p>\r\n\r\n<p>Đa nhiệm mượt m&agrave; hơn bao giờ hết với bộ nhớ&nbsp;<a href=\"https://www.thegioididong.com/laptop?g=16-gb\" target=\"_blank\">RAM 16 GB</a>&nbsp;cho ph&eacute;p bạn h&agrave;ng chục cửa sổ hay c&aacute;c layer đồ họa c&ugrave;ng l&uacute;c m&agrave; kh&ocirc;ng xảy ra hiện tượng lag, giật, giải quyết khối lượng c&ocirc;ng việc &ldquo;nặng đ&ocirc;&rdquo; một c&aacute;ch nhanh ch&oacute;ng v&agrave; ấn tượng.</p>\r\n\r\n<p><a href=\"https://www.thegioididong.com/images/44/253581/macbook-pro-14-m1-pro-2021-8-core-cpu-a-4.jpg\" onclick=\"return false;\"><img alt=\"MacBook Pro 14 M1 Pro 2021/14 core-GPU - Cấu hình\" src=\"https://cdn.tgdd.vn/Products/Images/44/253581/macbook-pro-14-m1-pro-2021-8-core-cpu-a-4.jpg\" /></a></p>\r\n\r\n<p>Ổ cứng&nbsp;<a href=\"https://www.thegioididong.com/laptop?g=ssd-512-gb\" target=\"_blank\">SSD 512 GB</a>&nbsp;cung cấp kh&ocirc;ng gian lưu trữ vừa đủ để bạn tải c&aacute;c tập t&agrave;i liệu hữu &iacute;ch về m&aacute;y với tốc độ đọc ghi nhanh ch&oacute;ng, tăng tốc to&agrave;n diện gi&uacute;p r&uacute;t ngắn thời gian khởi động m&aacute;y trong t&iacute;ch tắc&nbsp;v&agrave; c&aacute;c ứng dụng kh&aacute;c chỉ trong v&ograve;ng<strong>&nbsp;</strong>gi&acirc;y ngắn ngủi.</p>\r\n\r\n<p><a href=\"https://www.thegioididong.com/images/44/253581/macbook-pro-14-m1-pro-2021-8-core-cpu-a-5.jpg\" onclick=\"return false;\"><img alt=\"MacBook Pro 14 M1 Pro 2021/14 core-GPU - SSD\" src=\"https://cdn.tgdd.vn/Products/Images/44/253581/macbook-pro-14-m1-pro-2021-8-core-cpu-a-5.jpg\" /></a></p>\r\n\r\n<p>Hệ điều h&agrave;nh&nbsp;<strong>macOS Big Sur&nbsp;</strong>mang đến một giao diện mới tinh tế, gi&uacute;p c&aacute;c thao t&aacute;c l&agrave;m việc của bạn trở n&ecirc;n dễ d&agrave;ng hơn với c&aacute;c thanh c&ocirc;ng cụ gọn g&agrave;ng ở vị tr&iacute; giữa m&agrave;n h&igrave;nh đảm bảo nội dung lu&ocirc;n nằm ch&iacute;nh x&aacute;c ở vị tr&iacute; m&agrave; bạn muốn đồng thời tăng cường t&iacute;nh bảo mật cũng như cập nhật kho ứng dụng khổng lồ đ&aacute;p ứng tất cả nhu cầu của bạn.&nbsp;</p>\r\n\r\n<p><a href=\"https://www.thegioididong.com/images/44/253581/apple-pro-14-m1-pro-2021-8-core-cpu-16gb-8.jpg\" onclick=\"return false;\"><img alt=\"MacBook Pro 14 M1 Pro 2021/14 core-GPU - macOS Big Sur\" src=\"https://cdn.tgdd.vn/Products/Images/44/253581/apple-pro-14-m1-pro-2021-8-core-cpu-16gb-8.jpg\" /></a></p>\r\n\r\n<h3>Ngoại h&igrave;nh đẳng cấp, thể hiện chất &ldquo;t&ocirc;i&rdquo; ri&ecirc;ng của bạn</h3>\r\n\r\n<p>Nh&agrave; Apple vẫn lu&ocirc;n ghi điểm trong mắt người d&ugrave;ng với lối thiết kế sang trọng, thời thượng, kh&ocirc;ng lẫn với bất kỳ d&ograve;ng sản phẩm kh&aacute;c n&agrave;o với vỏ kim loại nguy&ecirc;n khối cứng c&aacute;p c&ugrave;ng gam m&agrave;u x&aacute;m bạc hiện đại v&agrave; chiếc logo tr&aacute;i t&aacute;o khuyết đặc trưng, đảm bảo sẽ l&agrave;m cho chủ nh&acirc;n của chiếc&nbsp;<a href=\"https://www.thegioididong.com/laptop-apple-macbook\" target=\"_blank\">MacBook</a>&nbsp;n&agrave;y lu&ocirc;n được nổi bật giữa những nơi đ&ocirc;ng người.</p>\r\n\r\n<p>Bề d&agrave;y&nbsp;<strong>15.5 mm</strong>&nbsp;v&agrave; trọng lượng<strong>&nbsp;1.6 kg&nbsp;</strong>mang t&iacute;nh di động cao, cho ph&eacute;p người d&ugrave;ng cầm nhẹ nh&agrave;ng tr&ecirc;n tay hay cất gọn v&agrave;o balo v&agrave; linh hoạt di chuyển đến khắp mọi nơi, đặt ở mọi vị tr&iacute; t&ugrave;y th&iacute;ch m&agrave; kh&ocirc;ng chiếm qu&aacute; nhiều diện t&iacute;ch xung quanh.&nbsp;</p>\r\n\r\n<p><a href=\"https://www.thegioididong.com/images/44/253581/apple-pro-14-m1-pro-2021-8-core-cpu-16gb-2.jpg\" onclick=\"return false;\"><img alt=\"MacBook Pro 14 M1 Pro 2021/14 core-GPU - Thiết kế\" src=\"https://cdn.tgdd.vn/Products/Images/44/253581/apple-pro-14-m1-pro-2021-8-core-cpu-16gb-2.jpg\" /></a></p>\r\n\r\n<p>Chiếc&nbsp;<a href=\"https://www.thegioididong.com/laptop-apple-macbook-pro\" target=\"_blank\">MacBook Pro 2021</a>&nbsp;n&agrave;y đ&atilde; được loại bỏ thanh Touch Bar tr&ecirc;n b&agrave;n ph&iacute;m, mang lại mẫu b&agrave;n ph&iacute;m vật l&yacute; với c&aacute;c khoảng c&aacute;ch ph&iacute;m được sắp xếp hợp l&yacute; v&agrave; h&agrave;nh tr&igrave;nh vừa phải, mang đến trải nghiệm g&otilde; m&aacute;y chuẩn x&aacute;c ở c&aacute;c vị tr&iacute; v&agrave; kh&ocirc;ng g&acirc;y ra tiếng ồn cho những người xung quanh. M&aacute;y c&ograve;n được trang bị<strong>&nbsp;đ&egrave;n nền&nbsp;</strong>gi&uacute;p bạn l&agrave;m việc ho&agrave;n hảo hơn trong m&ocirc;i trường thiếu s&aacute;ng.</p>\r\n\r\n<p><a href=\"https://www.thegioididong.com/images/44/253581/apple-pro-14-m1-pro-2021-8-core-cpu-16gb-6.jpg\" onclick=\"return false;\"><img alt=\"MacBook Pro 14 M1 Pro 2021/14 core-GPU - Bàn phím\" src=\"https://cdn.tgdd.vn/Products/Images/44/253581/apple-pro-14-m1-pro-2021-8-core-cpu-16gb-6.jpg\" /></a></p>\r\n\r\n<p>Đăng nhập m&aacute;y nhanh ch&oacute;ng v&agrave; an to&agrave;n hơn bao giờ hết chỉ với một thao t&aacute;c chạm nhẹ nhờ t&iacute;nh năng<strong>&nbsp;bảo mật v&acirc;n tay</strong>&nbsp;được trang bị tr&ecirc;n m&aacute;y.</p>\r\n\r\n<p><a href=\"https://www.thegioididong.com/images/44/253581/apple-pro-14-m1-pro-2021-8-core-cpu-16gb-7.jpg\" onclick=\"return false;\"><img alt=\"MacBook Pro 14 M1 Pro 2021/14 core-GPU - Touch ID\" src=\"https://cdn.tgdd.vn/Products/Images/44/253581/apple-pro-14-m1-pro-2021-8-core-cpu-16gb-7.jpg\" /></a></p>\r\n\r\n<p>Đặc biệt hơn l&agrave; Apple đ&atilde; n&acirc;ng cấp l&ecirc;n&nbsp;<strong>Camera 1080p FaceTime HD&nbsp;</strong>mang đến một chất lượng video sắc n&eacute;t hơn để phục vụ cho c&aacute;c cuộc họp trực tuyến hay học tập online của người d&ugrave;ng.</p>\r\n\r\n<p><a href=\"https://www.thegioididong.com/images/44/253581/macbook-pro-14-m1-pro-2021-8-core-cpu-a-13.jpg\" onclick=\"return false;\"><img alt=\"MacBook Pro 14 M1 Pro 2021/14 core-GPU - Webcam\" src=\"https://cdn.tgdd.vn/Products/Images/44/253581/macbook-pro-14-m1-pro-2021-8-core-cpu-a-13.jpg\" /></a></p>\r\n\r\n<p><a href=\"https://www.thegioididong.com/laptop\" target=\"_blank\">Laptop</a>&nbsp;trang bị<strong>&nbsp;</strong>3 cổng Thunderbolt 4 USB-C<strong>&nbsp;</strong>với khả năng vừa sạc vừa truyền dữ liệu nhanh ch&oacute;ng, HDMI v&agrave; Jack tai nghe 3.5 mm hỗ trợ li&ecirc;n kết dễ d&agrave;ng với c&aacute;c thiết bị ngoại vi tương th&iacute;ch như loa, m&aacute;y chiếu, m&aacute;y in,... một c&aacute;ch dễ d&agrave;ng. Ngo&agrave;i ra, chuẩn<strong>&nbsp;Bluetooth 5.0&nbsp;</strong>v&agrave;<strong>&nbsp;Wi-Fi 6 (802.11ax)</strong>&nbsp;đảm bảo cho đường truyền lu&ocirc;n trong trạng th&aacute;i ổn định, hạn chế tối đa việc bị ngắt kết nối giữa chừng.</p>\r\n\r\n<p><a href=\"https://www.thegioididong.com/images/44/253581/macbook-pro-14-m1-pro-2021-8-core-cpu-a-14.jpg\" onclick=\"return false;\"><img alt=\"MacBook Pro 14 M1 Pro 2021/14 core-GPU - Cổng kết nối\" src=\"https://cdn.tgdd.vn/Products/Images/44/253581/macbook-pro-14-m1-pro-2021-8-core-cpu-a-14.jpg\" /></a></p>\r\n\r\n<p>Sự xuất hiện của khe đọc thẻ nhớ SD tr&ecirc;n MacBook Pro 14 inch sẽ l&agrave; một tin vui với những người thường xuy&ecirc;n phải l&agrave;m c&aacute;c c&ocirc;ng việc ghi h&igrave;nh, chụp ảnh v&agrave; sạc&nbsp;<strong>MagSafe 3&nbsp;</strong>với thiết kế nhỏ nhắn hơn rất nhiều, gi&uacute;p người d&ugrave;ng thuận tiện r&uacute;t cắm m&agrave; kh&ocirc;ng cần đến d&acirc;y c&aacute;p d&agrave;i, rườm r&agrave; v&agrave; gi&uacute;p bạn sạc pin nhanh ch&oacute;ng.</p>\r\n\r\n<p><a href=\"https://www.thegioididong.com/images/44/253581/apple-pro-14-m1-pro-2021-8-core-cpu-16gb-9.jpg\" onclick=\"return false;\"><img alt=\"MacBook Pro 14 M1 Pro 2021/14 core-GPU - Sạc MagSafe\" src=\"https://cdn.tgdd.vn/Products/Images/44/253581/apple-pro-14-m1-pro-2021-8-core-cpu-16gb-9.jpg\" /></a></p>\r\n\r\n<h3>C&aacute;c c&ocirc;ng nghệ m&agrave;n h&igrave;nh&nbsp;cho chất lượng giải tr&iacute; tr&ecirc;n cả tuyệt vời</h3>\r\n\r\n<p>Kh&ocirc;ng gian k&iacute;ch thước&nbsp;<strong>14.2 inch</strong>&nbsp;với độ ph&acirc;n giải&nbsp;<strong>Liquid Retina XDR display (3024 x 1964)</strong>&nbsp;thể hiện chi tiết v&agrave; ch&acirc;n thực nhất mọi nội dung hiển thị từ văn bản soạn thảo, c&aacute;c th&ocirc;ng tin tr&ecirc;n trang web hay những tập phim h&agrave;nh động hấp dẫn với<strong>&nbsp;1 tỷ</strong>&nbsp;m&agrave;u sắc tươi mới n&acirc;ng tầm chất lượng h&igrave;nh ảnh l&yacute; tưởng hơn bao giờ hết.</p>\r\n\r\n<p><a href=\"https://www.thegioididong.com/images/44/253581/apple-pro-14-m1-pro-2021-8-core-cpu-16gb-10.jpg\" onclick=\"return false;\"><img alt=\"MacBook Pro 14 M1 Pro 2021/14 core-GPU - Màn hình\" src=\"https://cdn.tgdd.vn/Products/Images/44/253581/apple-pro-14-m1-pro-2021-8-core-cpu-16gb-10.jpg\" /></a></p>\r\n\r\n<p>Tần số qu&eacute;t&nbsp;<strong>l&ecirc;n đến 120 Hz</strong>&nbsp;với dải m&agrave;u rộng&nbsp;<strong>Wide Color</strong>&nbsp;<strong>P3&nbsp;</strong>cho những h&igrave;nh ảnh sống động, m&agrave;u sắc chuẩn x&aacute;c&nbsp;v&agrave; c&ocirc;ng nghệ&nbsp;<a href=\"https://www.thegioididong.com/hoi-dap/tim-hieu-cong-nghe-man-hinh-true-tone-992705\" target=\"_blank\">True Tone</a>&nbsp;với khả năng tự động c&acirc;n bằng m&agrave;u trắng để ph&ugrave; hợp với nhiệt độ m&agrave;u của &aacute;nh s&aacute;ng tự nhi&ecirc;n hơn, mang đến trải nghiệm hiển thị gần gũi nhất nhưng vẫn đảm bảo chất lượng khung h&igrave;nh kh&ocirc;ng bị nho&egrave; hay mờ, c&aacute;c thao t&aacute;c chuyển động qua lại cũng trở n&ecirc;n mượt m&agrave; hơn.&nbsp;</p>\r\n\r\n<p><a href=\"https://www.thegioididong.com/images/44/253581/macbook-pro-14-m1-pro-2021-8-core-cpu-a-11.jpg\" onclick=\"return false;\"><img alt=\"MacBook Pro 14 M1 Pro 2021/14 core-GPU - Màn hình\" src=\"https://cdn.tgdd.vn/Products/Images/44/253581/macbook-pro-14-m1-pro-2021-8-core-cpu-a-11.jpg\" /></a></p>\r\n\r\n<p>Tận hưởng chất lượng &acirc;m đỉnh cao hơn bao giờ hết với c&ocirc;ng nghệ<strong>&nbsp;Dolby Atmos</strong>, hệ thống &acirc;m thanh&nbsp;<strong>6 loa</strong>&nbsp;v&agrave;&nbsp;<strong>Wide stereo sound</strong>&nbsp;mang đến chất &acirc;m trong trẻo đến từng chi tiết, c&oacute; chiều s&acirc;u với hiệu ứng v&ograve;m lan tỏa ra nhiều hướng trong căn ph&ograve;ng, đắm ch&igrave;m bạn v&agrave;o kh&ocirc;ng gian &acirc;m nhạc cực chất v&agrave; l&ocirc;i cuốn nhất.</p>\r\n\r\n<p><a href=\"https://www.thegioididong.com/images/44/253581/apple-pro-14-m1-pro-2021-8-core-cpu-16gb-12.jpg\" onclick=\"return false;\"><img alt=\"MacBook Pro 14 M1 Pro 2021/14 core-GPU - Âm thanh\" src=\"https://cdn.tgdd.vn/Products/Images/44/253581/apple-pro-14-m1-pro-2021-8-core-cpu-16gb-12.jpg\" /></a></p>\r\n\r\n<p>Với những th&ocirc;ng số kỹ thuật mạnh mẽ v&agrave; dẫn đầu xu hướng thiết kế thời thượng, sang trọng,&nbsp;<a href=\"https://www.thegioididong.com/laptop/macbook-pro-14-m1-pro-2021-8-core-cpu\" target=\"_blank\">MacBook Pro 14 inch 2021</a>&nbsp;xứng đ&aacute;ng nằm trong top c&aacute;c d&ograve;ng&nbsp;<a href=\"https://www.thegioididong.com/laptop?g=cao-cap-sang-trong\" target=\"_blank\">laptop cao cấp</a>, đ&aacute;p ứng tốt mọi t&aacute;c vụ cần thiết cho người ti&ecirc;u d&ugrave;ng.&nbsp;</p>\r\n', 2021, 86, '8951069481', '2', '1', '1', '1', '1'),
('664e687d72', 'Laptop Lenovo ThinkBook 14s G2 ITL i5 1135G7/8GB/512GB/Win10 (20VA000NVN) ', './assets/image/imgProduct/lenovo-thinkbook-14s-g2-itl-i5-20va000nvn-600x600-600x600.jpg', 23690000, 0, 23690000, '<h3>Lenovo ThinkBook 14s G2 ITL i5 (20VA000NVN) l&agrave; chiếc&nbsp;<a href=\"https://www.thegioididong.com/laptop?g=hoc-tap-van-phong\" target=\"_blank\">laptop học tập - văn ph&ograve;ng</a>&nbsp;ph&ugrave; hợp với học sinh, sinh vi&ecirc;n hay người l&agrave;m văn ph&ograve;ng cần một chiếc m&aacute;y t&iacute;nh mỏng nhẹ nhưng vẫn c&oacute; cấu h&igrave;nh ổn định.</h3>\r\n\r\n<h3>Thiết kế gọn nhẹ, sang trọng</h3>\r\n\r\n<p><a href=\"https://www.thegioididong.com/laptop-lenovo?g=lenovo-thinkbook\" target=\"_blank\">Lenovo ThinkBook</a>&nbsp;đi theo lối thiết kế đơn giản, hiện đại với kiểu d&aacute;ng vu&ocirc;ng vắn, sắc sảo từ kim loại nguy&ecirc;n khối với 2 t&ocirc;ng m&agrave;u x&aacute;m b&oacute;ng v&agrave; x&aacute;m nh&aacute;m, th&acirc;n m&aacute;y gọn nhẹ chỉ nặng&nbsp;<strong>1.27 kg</strong>, mỏng&nbsp;<strong>14.9 mm</strong>&nbsp;bạn c&oacute; thể cầm bằng một tay. K&iacute;ch thước tương đương như khổ giấy A4 (D&agrave;i 322 mm - Rộng 207 mm) dễ d&agrave;ng để v&agrave;o balo, t&uacute;i x&aacute;ch tối ưu cho việc di chuyển l&agrave;m việc v&agrave; học tập của bạn.</p>\r\n\r\n<p><a href=\"https://www.thegioididong.com/images/44/235393/lenovo-thinkbook-14s-g2-itl-i5-20va000nvn-02.jpg\" onclick=\"return false;\"><img alt=\"Laptop Lenovo ThinkBook 14s G2 ITL i5 20VA000NVN) - Thiết kế\" src=\"https://cdn.tgdd.vn/Products/Images/44/235393/lenovo-thinkbook-14s-g2-itl-i5-20va000nvn-02.jpg\" /></a></p>\r\n\r\n<p>Tuy m&aacute;y kh&aacute; mỏng nhưng vẫn được trang bị đầy đủ c&aacute;c cổng kết nối th&ocirc;ng dụng: 1 cổng Thunderbolt 4 USB-C c&oacute; tốc độ truyền tải đến 40 Gbps,1 cổng HDMI hỗ trợ cho việc kết nối m&aacute;y chiếu hoặc tivi để thuyết tr&igrave;nh v&agrave; 1 jack cắm tai nghe 3.5, 2 cổng USB 3.2. B&ecirc;n cạnh kết nối c&oacute; d&acirc;y m&aacute;y c&ograve;n hỗ trợ&nbsp;<strong><a href=\"https://www.thegioididong.com/hoi-dap/cong-nghe-bluetooth-51-tren-laptop-la-gi-1273789\" target=\"_blank\">Bluetooth 5.1</a></strong>&nbsp;cho phạm vi kết nối ổn định l&ecirc;n đến hơn 10 m,<strong>&nbsp;<a href=\"https://www.thegioididong.com/hoi-dap/wi-fi-chuan-80211ax-la-gi-tim-hieu-ve-wi-fi-the-he-thu-6-1187524\" target=\"_blank\">Wi-Fi 6 AX201</a></strong><a href=\"https://www.thegioididong.com/hoi-dap/wi-fi-chuan-80211ax-la-gi-tim-hieu-ve-wi-fi-the-he-thu-6-1187524\" target=\"_blank\">&nbsp;</a>cho đường truyền mượt m&agrave;, nhanh ch&oacute;ng với tốc độ 10.000 Mbps.</p>\r\n\r\n<p><a href=\"https://www.thegioididong.com/images/44/235393/lenovo-thinkbook-14s-g2-itl-i5-20va000nvn-11.jpg\" onclick=\"return false;\"><img alt=\"Laptop Lenovo ThinkBook 14s G2 ITL i5 20VA000NVN) - Cổng kết nối\" src=\"https://cdn.tgdd.vn/Products/Images/44/235393/lenovo-thinkbook-14s-g2-itl-i5-20va000nvn-11.jpg\" /></a></p>\r\n\r\n<p>B&agrave;n ph&iacute;m c&oacute; h&agrave;nh tr&igrave;nh ph&iacute;m tốt, rộng r&atilde;i v&agrave; được t&iacute;ch hợp đ&egrave;n nền hỗ trợ g&otilde; ph&iacute;m ch&iacute;nh x&aacute;c khi bạn sử dụng ở nơi &aacute;nh s&aacute;ng yếu. B&agrave;n di chuột c&oacute; k&iacute;ch thước lớn v&agrave; đặt hơi lệch về b&ecirc;n tr&aacute;i tạo kh&ocirc;ng gian đặt tay thoải m&aacute;i hơn nhưng vẫn đảm bảo c&aacute;c thao t&aacute;c lướt, thu ph&ograve;ng trơn tru.</p>\r\n\r\n<p>&nbsp;</p>\r\n\r\n<p>Bản lề của&nbsp;<a href=\"https://www.thegioididong.com/laptop-lenovo\" target=\"_blank\">laptop Lenovo</a>&nbsp;n&agrave;y c&oacute; thể mở rộng 180 độ, hạn chế khả năng hư hỏng v&agrave; dễ d&agrave;ng chia sẽ m&agrave;n h&igrave;nh với mọi người, tiện dụng ở mọi tư thế bạn muốn.</p>\r\n\r\n<p>&nbsp;</p>\r\n\r\n<p>Đặc biệt, bạn c&oacute; thể y&ecirc;n t&acirc;m sử dụng hay mang theo laptop di chuyển nhiều nơi, kh&ocirc;ng lo ngại nhưng va đập v&ocirc; &yacute;, rơi rớt từ b&agrave;n l&agrave;m việc xuống đất (độ cao khoảng 76 cm) m&agrave; vẫn hoạt động tốt khi m&aacute;y c&oacute; chứng nhận đạt ti&ecirc;u chuẩn độ bền qu&acirc;n đội Mỹ&nbsp;<a href=\"https://www.thegioididong.com/hoi-dap/tieu-chuan-quan-su-my-mil-std-810g-1304935\" target=\"_blank\">MLT STD 810G</a>.</p>\r\n\r\n<h3>Hiệu năng ổn định xử l&yacute; tốt c&aacute;c t&aacute;c vụ văn ph&ograve;ng v&agrave; đồ họa căn bản</h3>\r\n\r\n<p>Chiếc laptop Lenovo n&agrave;y được trang bị CPU&nbsp;<strong><a href=\"https://www.thegioididong.com/laptop?g=core-i5\" target=\"_blank\">Intel Core i5</a></strong>&nbsp;<strong>1135G7</strong>&nbsp;<a href=\"https://www.thegioididong.com/laptop-cpu-intel-gen-11\" target=\"_blank\">thế hệ 11</a>&nbsp;xử l&yacute; nhanh, ổn định c&aacute;c c&ocirc;ng việc văn ph&ograve;ng, đồ họa 2D v&agrave; tiết kiệm năng lượng hiệu quả với<strong>&nbsp;</strong>l&otilde;i Willow Cove&nbsp;<strong>4 nh&acirc;n 8 luồng</strong>&nbsp;mang đến xung nhịp tối đa&nbsp;<strong>4.2 GHz</strong>&nbsp;nhờ Turbo Boost.</p>\r\n\r\n<p>CPU kết hợp c&ugrave;ng card đồ họa t&iacute;ch hợp<a href=\"https://www.thegioididong.com/hoi-dap/tim-hieu-ve-card-do-hoa-tich-hop-intel-iris-xe-graphics-1305192\" target=\"_blank\">&nbsp;<strong>Intel Iris Xe Graphics</strong></a>&nbsp;gi&uacute;p n&acirc;ng cao hiệu suất xử l&yacute; đồ họa c&aacute;c thao t&aacute;c chỉnh ảnh tr&ecirc;n Photoshop, Ai trở n&ecirc;n mượt m&agrave; hơn. B&ecirc;n cạnh hỗ trợ l&agrave;m việc th&igrave; m&aacute;y cũng c&oacute; thể chạy tốt c&aacute;c tựa phổ biến với độ họa trung b&igrave;nh kh&aacute; như: Rocket League, CS:GO, Valorant, LoL, Genshin Impact,...</p>\r\n\r\n<p><strong>RAM 8 GB&nbsp;DDR4</strong>&nbsp;(On board) gi&uacute;p laptop chuyển đổi mượt m&agrave; giữa c&aacute;c cửa sổ l&agrave;m việc, n&acirc;ng cao hiệu xuất l&agrave;m việc của bạn với tốc độ Bus RAM 4266 MHz. Bạn c&oacute; thể mở Lightroom để chỉnh ảnh vừa mở nhiều tab Chrome để t&igrave;m nguồn cảm hứng hoặc đơn giản l&agrave; mở YouTube để nghe nhạc, c&agrave;y view cho thần tượng.</p>\r\n\r\n<p>&nbsp;</p>\r\n\r\n<p>B&ecirc;n cạnh đ&oacute; chiếc laptop Lenovo ThinkBook<a href=\"https://www.thegioididong.com/laptop-lenovo?g=lenovo-thinkbook\" target=\"_blank\">&nbsp;</a>n&agrave;y c&ograve;n được trang<a href=\"https://www.thegioididong.com/laptop-o-cung-ssd\" target=\"_blank\">&nbsp;ổ cứng SSD</a>&nbsp;512 GB M.2 PCIe cho tốc độ khởi động v&agrave; mở m&aacute;y cực nhanh chỉ trong v&agrave;i gi&acirc;y. Dung lượng&nbsp;<a href=\"https://www.thegioididong.com/laptop?g=ssd-512-gb\" target=\"_blank\"><strong>512 GB</strong></a>&nbsp;cho bạn kh&ocirc;ng gian lưu trữ lớn bạn c&oacute; thể thoải m&aacute;i lưu trữ c&aacute;c bộ phim điện ảnh y&ecirc;u th&iacute;ch hay c&aacute;c tập tin lớn m&agrave; kh&ocirc;ng lo lắng bị đầy dung lượng.</p>\r\n\r\n<p><a href=\"https://www.thegioididong.com/images/44/235393/lenovo-thinkbook-14s-g2-itl-i5-20va000nvn-05.jpg\" onclick=\"return false;\"><img alt=\"Laptop Lenovo ThinkBook 14s G2 ITL i5 20VA000NVN) - SSD\" src=\"https://cdn.tgdd.vn/Products/Images/44/235393/lenovo-thinkbook-14s-g2-itl-i5-20va000nvn-05.jpg\" /></a></p>\r\n\r\n<h3>Đắm ch&igrave;m v&agrave;o khung h&igrave;nh tuyệt mỹ</h3>\r\n\r\n<p>K&iacute;ch thước&nbsp;<a href=\"https://www.thegioididong.com/laptop-14-inch\" target=\"_blank\"><strong>14 inch</strong></a>&nbsp;kh&aacute; rộng r&atilde;i, độ ph&acirc;n giải&nbsp;<strong><a href=\"https://www.thegioididong.com/laptop-full-hd\" target=\"_blank\">Full HD</a>&nbsp;</strong>c&ugrave;ng&nbsp;<a href=\"https://www.thegioididong.com/laptop-100-srgb\" target=\"_blank\">m&agrave;n h&igrave;nh&nbsp;100% sRGB</a><strong>&nbsp;</strong>đem đến những khung ảnh sắc n&eacute;t, m&agrave;u sắc ch&iacute;nh x&aacute;c cuốn bạn v&agrave;o thế giới h&igrave;nh ảnh tuyệt vời ph&ugrave; hợp cho những ai đam m&ecirc; phim ảnh hay l&agrave;m những c&ocirc;ng việc li&ecirc;n quan đến đồ họa.</p>\r\n\r\n<p>Tấm nền<strong><a href=\"https://www.thegioididong.com/hoi-dap/man-hinh-ips-lcd-la-gi-905752\" target=\"_blank\">&nbsp;IPS</a>&nbsp;</strong>mở rộng g&oacute;c nh&igrave;n l&ecirc;n&nbsp;<strong>178 độ</strong>, cộng th&ecirc;m viền m&agrave;n h&igrave;nh được thiết kế mỏng, cho bạn khung h&igrave;nh r&otilde; n&eacute;t d&ugrave; nh&igrave;n từ bất cứ đ&acirc;u.</p>\r\n\r\n<p>Độ s&aacute;ng l&ecirc;n đến&nbsp;<strong>300 nits&nbsp;</strong>cho h&igrave;nh ảnh hiển thị r&otilde; r&agrave;ng ở nơi c&oacute; &aacute;nh s&aacute;ng cao. C&ocirc;ng nghệ Dolby Vision đem đến chất lượng h&igrave;nh ảnh như ở rạp, giờ đ&acirc;y bạn c&oacute; thể nằm ngay tr&ecirc;n giường của m&igrave;nh để xem điện ảnh cực đ&atilde;.</p>\r\n\r\n<p><a href=\"https://www.thegioididong.com/images/44/235393/lenovo-thinkbook-14s-g2-itl-i5-20va000nvn-06.jpg\" onclick=\"return false;\"><img alt=\"Laptop Lenovo ThinkBook 14s G2 ITL i5 20VA000NVN) - Màn hình\" src=\"https://cdn.tgdd.vn/Products/Images/44/235393/lenovo-thinkbook-14s-g2-itl-i5-20va000nvn-06.jpg\" /></a></p>\r\n\r\n<p>Tạo hiệu ứng &acirc;m thanh v&ograve;m sống động đầy l&ocirc;i cuốn, &acirc;m sắc trong trẻo nhờ c&ocirc;ng nghệ &acirc;m thanh của m&aacute;y l&agrave;&nbsp;<a href=\"https://www.thegioididong.com/hoi-dap/am-thanh-dolby-audio-premium-co-gi-dac-biet-1017812\" target=\"_blank\">Dolby Audio Premium</a>.</p>\r\n\r\n<p><a href=\"https://www.thegioididong.com/images/44/235393/lenovo-thinkbook-14s-g2-itl-i5-20va000nvn-10.jpg\" onclick=\"return false;\"><img alt=\"Laptop Lenovo ThinkBook 14s G2 ITL i5 20VA000NVN) - Âm thanh\" src=\"https://cdn.tgdd.vn/Products/Images/44/235393/lenovo-thinkbook-14s-g2-itl-i5-20va000nvn-10.jpg\" /></a></p>\r\n\r\n<h3>Bảo vệ sự ri&ecirc;ng tư v&agrave; b&iacute; mật kinh doanh tốt hơn</h3>\r\n\r\n<p>Mở kh&oacute;a nhanh ch&oacute;ng chỉ bằng một c&aacute;i chạm nhẹ th&ocirc;ng qua&nbsp;<a href=\"https://www.thegioididong.com/hoi-dap/fingerprint-sensor-la-gi-va-co-tac-dung-gi-904389\" target=\"_blank\"><strong>cảm biến v&acirc;n tay</strong></a>&nbsp;được t&iacute;ch hợp tr&ecirc;n n&uacute;t nguồn, m&aacute;y chỉ được mở khi đ&uacute;ng v&acirc;n tay của bạn tr&aacute;nh trường hợp bị kẻ gian đ&aacute;nh cắp mật khẩu như kiểu kh&oacute;a truyền thống.</p>\r\n\r\n<p><a href=\"https://www.thegioididong.com/images/44/235393/lenovo-thinkbook-14s-g2-itl-i5-20va000nvn-08.jpg\" onclick=\"return false;\"><img alt=\"Laptop Lenovo ThinkBook 14s G2 ITL i5 20VA000NVN) - Vân tay\" src=\"https://cdn.tgdd.vn/Products/Images/44/235393/lenovo-thinkbook-14s-g2-itl-i5-20va000nvn-08.jpg\" /></a></p>\r\n\r\n<p><a href=\"https://www.thegioididong.com/laptop\" target=\"_blank\">Laptop</a>&nbsp;trang bị&nbsp;<strong>webcam 720p</strong>&nbsp;hỗ trợ rất tốt cho c&aacute;c cuộc hội họp trực tuyến, Facetime với người th&acirc;n với chất lượng h&igrave;nh ảnh đẹp v&agrave; r&otilde; n&eacute;t. Ph&iacute;a trước webcam được t&iacute;ch hợp m&agrave;n trập ThinkShutter để che camera những l&uacute;c kh&ocirc;ng cần d&ugrave;ng tới, đảm bảo th&ocirc;ng tin của bạn trước c&aacute;c phần mềm gi&aacute;n điệp.&nbsp;</p>\r\n\r\n<p><a href=\"https://www.thegioididong.com/laptop/lenovo-thinkbook-14s-g2-itl-i5-20va000nvn\" target=\"_blank\">Lenovo ThinkBook 14s G2 ITL i5 (20VA000NVN)&nbsp;</a>với hiệu năng mạnh mẽ đ&aacute;p ứng tốt c&ocirc;ng việc của bạn, vẻ ngo&agrave;i sang trọng sẽ l&agrave; sự lựa chọn tuyệt vời d&agrave;nh cho bạn.</p>\r\n', 2021, 97, 'e202545833', '6be19cbbc5', '1', '1', '1', '3'),
('773664ddd3', 'Laptop Lenovo ThinkBook 14s Yoga ITL i7 1165G7/16GB/512GB/Touch/Pen/Win10 (20WE004FVN) ', './assets/image/imgProduct/lenovo-thinkbook-14s-yoga-itl-i7-20we004fvn-600x600.jpg', 28790000, 5, 27350500, '<h3>ThinkBook 14s Yoga ITL i7 (20WE004FVN) l&agrave; d&ograve;ng&nbsp;<a href=\"https://www.thegioididong.com/laptop?g=cao-cap-sang-trong\" target=\"_blank\">laptop cao cấp</a>&nbsp;được nh&agrave; Lenovo cho ra mắt với phong th&aacute;i sang trọng, thời thượng c&ugrave;ng sức mạnh vượt trội đến từ con chip<a href=\"https://www.thegioididong.com/laptop-cpu-intel-gen-11\" target=\"_blank\">&nbsp;Intel Gen 11&nbsp;</a>mạnh mẽ, đ&aacute;p ứng tốt mọi t&aacute;c vụ từ cơ bản đến n&acirc;ng cao.</h3>\r\n\r\n<h3>Đẳng cấp, sang trọng tr&ecirc;n từng chi tiết m&aacute;y</h3>\r\n\r\n<p>Kho&aacute;c l&ecirc;n m&igrave;nh chiếc &aacute;o m&agrave;u&nbsp;<strong>x&aacute;m</strong>&nbsp;hiện đại c&ugrave;ng lớp&nbsp;<strong>vỏ kim loại</strong>&nbsp;bền bỉ, cứng c&aacute;p,<a href=\"https://www.thegioididong.com/laptop-lenovo?g=lenovo-thinkbook\" target=\"_blank\">&nbsp;Lenovo ThinkBook</a>&nbsp;sở hữu cho m&igrave;nh phong c&aacute;ch đơn giản nhưng kh&ocirc;ng k&eacute;m phần trẻ trung, năng động, th&iacute;ch hợp cho mọi đối tượng giới văn ph&ograve;ng hay c&aacute;c bạn học sinh, sinh vi&ecirc;n.</p>\r\n\r\n<p>Thỏa nhu cầu l&agrave; một chiếc&nbsp;<a href=\"https://www.thegioididong.com/laptop?g=hoc-tap-van-phong\" target=\"_blank\">laptop học tập - văn ph&ograve;ng</a>&nbsp;n&ecirc;n t&iacute;nh di động của m&aacute;y được ưu ti&ecirc;n hơn hết với độ d&agrave;y&nbsp;<strong>16.9 mm</strong>&nbsp;v&agrave; trọng lượng nhẹ&nbsp;<strong>1.5 kg</strong>, cho ph&eacute;p người d&ugrave;ng dễ d&agrave;ng mang m&aacute;y theo khắp nơi v&agrave; đặt m&aacute;y ở mọi kh&ocirc;ng gian l&agrave;m việc.</p>\r\n\r\n<p><a href=\"https://www.thegioididong.com/images/44/249143/lenovo-thinkbook-14s-yoga-itl-i7-20we004fvn-2.jpg\" onclick=\"return false;\"><img alt=\"Lenovo ThinkBook 14s Yoga ITL i7 1165G7 (20WE004FVN) - Thiết kế\" src=\"https://cdn.tgdd.vn/Products/Images/44/249143/lenovo-thinkbook-14s-yoga-itl-i7-20we004fvn-2.jpg\" /></a></p>\r\n\r\n<p>Một điểm đặc biệt gi&uacute;p<a href=\"https://www.thegioididong.com/laptop-lenovo\" target=\"_blank\">&nbsp;laptop Lenovo</a>&nbsp;nổi bật hơn so với c&aacute;c mẫu laptop c&ugrave;ng d&ograve;ng kh&aacute;c l&agrave; thiết kế&nbsp;<strong>bản lề&nbsp;gập xoay 360 độ</strong>&nbsp;cho bạn thỏa sức x&acirc;y dựng v&agrave; tr&igrave;nh b&agrave;y &yacute; tưởng một c&aacute;ch dễ d&agrave;ng với nhiều tư thế v&agrave; g&oacute;c độ m&aacute;y kh&aacute;c nhau, n&acirc;ng cao khả năng l&agrave;m việc nh&oacute;m hiệu quả.</p>\r\n\r\n<p><a href=\"https://www.thegioididong.com/images/44/249143/lenovo-thinkbook-14s-yoga-itl-i7-20we004fvn-8.jpg\" onclick=\"return false;\"><img alt=\"Lenovo ThinkBook 14s Yoga ITL i7 1165G7 (20WE004FVN) - Bản lề 360 độ\" src=\"https://cdn.tgdd.vn/Products/Images/44/249143/lenovo-thinkbook-14s-yoga-itl-i7-20we004fvn-8.jpg\" /></a></p>\r\n\r\n<p>H&agrave;nh tr&igrave;nh ph&iacute;m ổn với n&uacute;t bấm &ecirc;m v&agrave; đổ nảy tốt, mang lại cảm gi&aacute;c nhập liệu thoải m&aacute;i, m&aacute;y c&ograve;n trang bị&nbsp;<strong>đ&egrave;n nền</strong>&nbsp;cho ph&eacute;p người d&ugrave;ng l&agrave;m việc mọi l&uacute;c mọi nơi d&ugrave; ở trong m&ocirc;i trường thiếu s&aacute;ng.</p>\r\n\r\n<p><a href=\"https://www.thegioididong.com/images/44/249143/lenovo-thinkbook-14s-yoga-itl-i7-20we004fvn-6.jpg\" onclick=\"return false;\"><img alt=\"Lenovo ThinkBook 14s Yoga ITL i7 1165G7 (20WE004FVN) - Bàn phím\" src=\"https://cdn.tgdd.vn/Products/Images/44/249143/lenovo-thinkbook-14s-yoga-itl-i7-20we004fvn-6.jpg\" /></a></p>\r\n\r\n<p>Đăng nhập m&aacute;y v&agrave; khởi động ứng dụng nhanh ch&oacute;ng hơn với thao t&aacute;c chạm tay dễ d&agrave;ng nhờ v&agrave;o t&iacute;nh năng&nbsp;<strong>cảm biến v&acirc;n tay</strong>&nbsp;được t&iacute;ch hợp tr&ecirc;n n&uacute;t nguồn Lenovo 14s Yoga.</p>\r\n\r\n<p><a href=\"https://www.thegioididong.com/images/44/249143/lenovo-thinkbook-14s-yoga-itl-i7-20we004fvn-7.jpg\" onclick=\"return false;\"><img alt=\"Lenovo ThinkBook 14s Yoga ITL i7 1165G7 (20WE004FVN) - Bảo mật vân tay\" src=\"https://cdn.tgdd.vn/Products/Images/44/249143/lenovo-thinkbook-14s-yoga-itl-i7-20we004fvn-7.jpg\" /></a></p>\r\n\r\n<p>Học tập, l&agrave;m việc trực tuyến tiện lợi hơn với HD webcam c&oacute; độ ph&acirc;n giải&nbsp;720p, m&aacute;y c&ograve;n trang bị&nbsp;<strong>c&ocirc;ng tắc kh&oacute;a đ&oacute;ng camera&nbsp;</strong>khi kh&ocirc;ng sử dụng đến<strong>,&nbsp;</strong>đảm bảo được độ bảo mật th&ocirc;ng tin an to&agrave;n, ngăn chặn c&aacute;c tin tặc đ&aacute;nh cắp th&ocirc;ng tin v&agrave; dữ liệu h&igrave;nh ảnh c&aacute; nh&acirc;n.</p>\r\n\r\n<p>Dọc hai b&ecirc;n th&acirc;n m&aacute;y l&agrave; đầy đủ cổng kết nối như Jack tai nghe 3.5 mm, 1 cổng USB 3.2, HDMI, 1 cổng USB 3.2 (Always on), USB Type-C v&agrave; đặc biệt l&agrave; Thunderbolt 4 USB-C c&oacute; khả năng vừa sạc m&aacute;y vừa truyền dữ liệu, gi&uacute;p bạn kết nối với c&aacute;c thiết bị ngoại vi kh&aacute;c như loa, chuột, b&agrave;n ph&iacute;m,... một c&aacute;ch dễ d&agrave;ng, kh&ocirc;ng qu&aacute; phức tạp.</p>\r\n\r\n<p><a href=\"https://www.thegioididong.com/images/44/249143/lenovo-thinkbook-14s-yoga-itl-i7-20we004fvn-13.jpg\" onclick=\"return false;\"><img alt=\"Lenovo ThinkBook 14s Yoga ITL i7 1165G7 (20WE004FVN) - Cổng kết nối\" src=\"https://cdn.tgdd.vn/Products/Images/44/249143/lenovo-thinkbook-14s-yoga-itl-i7-20we004fvn-13.jpg\" /></a></p>\r\n\r\n<p>Đảm bảo tốc độ đường truyền ổn định, hạn chế t&igrave;nh trạng mất kết nối, ngắt qu&atilde;ng giữa chừng khi đang học tập, giải tr&iacute; nhờ v&agrave;o chuẩn<strong>&nbsp;Bluetooth 5.1</strong>&nbsp;v&agrave;&nbsp;<strong>Wi-Fi 6 (802.11ax)&nbsp;</strong>cho hiệu suất c&ocirc;ng việc được n&acirc;ng cao đ&aacute;ng kể.</p>\r\n\r\n<h3>Bứt ph&aacute; mọi t&aacute;c vụ với cấu h&igrave;nh vượt bật</h3>\r\n\r\n<p>M&aacute;y được trang bị bộ vi xử l&yacute;&nbsp;<a href=\"https://www.thegioididong.com/laptop?g=core-i7\" target=\"_blank\">Intel Core i7</a>&nbsp;<strong>Tiger Lake 1165G7&nbsp;</strong>n&acirc;ng tầm sức mạnh tối ưu với cấu tr&uacute;c&nbsp;<strong>CPU 4 nh&acirc;n 8 luồng</strong>&nbsp;mạnh mẽ, đạt xung nhịp tối đa l&ecirc;n đến&nbsp;<strong>Turbo boost 4.7 GHz</strong>&nbsp;phục vụ ho&agrave;n hảo c&aacute;c c&ocirc;ng việc văn ph&ograve;ng tr&ecirc;n Word, Excel, PowerPoint,... v&agrave; đồ họa từ cơ bản đến n&acirc;ng cao, tăng hiệu suất l&agrave;m việc cho người d&ugrave;ng.</p>\r\n\r\n<p>Card đồ họa t&iacute;ch hợp&nbsp;<a href=\"https://www.thegioididong.com/hoi-dap/tim-hieu-ve-card-do-hoa-tich-hop-intel-iris-xe-graphics-1305192\" target=\"_blank\">Intel Iris Xe Graphics</a>&nbsp;cho hiệu suất đồ họa được tối ưu h&oacute;a, gi&uacute;p bạn chỉnh sửa c&aacute;c h&igrave;nh ảnh 2D, 3D hay render video một c&aacute;ch chuy&ecirc;n nghiệp th&ocirc;ng qua c&aacute;c ứng dụng của Adobe như Photoshop, Illustrator, AI, Pr,... hay giải tr&iacute; với c&aacute;c tựa game c&oacute; mức c&agrave;i đặt trung b&igrave;nh cao như LOL, FIFA, DOTA 2,... một c&aacute;ch trơn tru, mượt m&agrave;.</p>\r\n\r\n<p>Tăng khả năng đa nhiệm với&nbsp;<a href=\"https://www.thegioididong.com/laptop?g=16-gb\" target=\"_blank\">bộ nhớ RAM 16 GB</a>&nbsp;chuẩn&nbsp;<strong>DDR4 2 khe (1 khe 8 GB on board + 1 khe rời 8 GB)</strong>, cho ph&eacute;p người d&ugrave;ng dễ d&agrave;ng mở h&agrave;ng chục cửa sổ l&agrave;m việc c&ugrave;ng l&uacute;c m&agrave; kh&ocirc;ng c&oacute; hiện tượng giật lag hay đứng m&aacute;y nhờ tốc độ Bus RAM&nbsp;<strong>3200 MHz</strong>, m&aacute;y c&ograve;n hỗ trợ n&acirc;ng cấp tối đa&nbsp;<strong>40 GB</strong>&nbsp;nhằm phục vụ tối đa nhu cầu sử dụng.</p>\r\n\r\n<p><a href=\"https://www.thegioididong.com/images/44/249143/lenovo-thinkbook-14s-yoga-itl-i7-20we004fvn-4.jpg\" onclick=\"return false;\"><img alt=\"Lenovo ThinkBook 14s Yoga ITL i7 1165G7 (20WE004FVN) - Cấu hình\" src=\"https://cdn.tgdd.vn/Products/Images/44/249143/lenovo-thinkbook-14s-yoga-itl-i7-20we004fvn-4.jpg\" /></a></p>\r\n\r\n<p>Ổ cứng&nbsp;<strong><a href=\"https://www.thegioididong.com/laptop?g=ssd-512-gb\" target=\"_blank\">SSD 512 GB</a>&nbsp;NVMe PCIe</strong>&nbsp;với khả năng th&aacute;o rời v&agrave; thay thế thanh kh&aacute;c tối đa l&ecirc;n đến&nbsp;<strong>1 TB</strong>, tạo kh&ocirc;ng gian lưu trữ vừa vặn c&aacute;c tập t&agrave;i liệu hữu &iacute;ch, đồng thời r&uacute;t ngắn tốc độ khởi động m&aacute;y v&agrave; ứng dụng nhưng vẫn đảm bảo tiết kiệm nguồn pin đ&aacute;ng kể. ThinkBook 14s Yoga c&ograve;n cung cấp th&ecirc;m 1 khe cắm&nbsp;<strong>SSD M.2 PCIe</strong>&nbsp;mở rộng tối đa&nbsp;<strong>1 TB</strong>&nbsp;tối ưu h&oacute;a c&ocirc;ng việc của bạn.</p>\r\n\r\n<p><a href=\"https://www.thegioididong.com/images/44/249143/lenovo-thinkbook-14s-yoga-itl-i7-20we004fvn-5.jpg\" onclick=\"return false;\"><img alt=\"Lenovo ThinkBook 14s Yoga ITL i7 1165G7 (20WE004FVN) - SSD\" src=\"https://cdn.tgdd.vn/Products/Images/44/249143/lenovo-thinkbook-14s-yoga-itl-i7-20we004fvn-5.jpg\" /></a></p>\r\n\r\n<h3>Hiển thị &acirc;m thanh, h&igrave;nh ảnh chuy&ecirc;n nghiệp</h3>\r\n\r\n<p><a href=\"https://www.thegioididong.com/laptop-14-inch\" target=\"_blank\">M&agrave;n h&igrave;nh 14 inch</a>&nbsp;với độ ph&acirc;n giải<strong>&nbsp;Full HD (1920x1080)</strong>&nbsp;cung cấp những khung h&igrave;nh r&otilde; n&eacute;t với m&agrave;u sắc tươi mới, sống động, đem đến cho người d&ugrave;ng cảm gi&aacute;c ch&acirc;n thật như đang trong ch&iacute;nh bối cảnh những bộ phim hay nh&acirc;n vật game.</p>\r\n\r\n<p><a href=\"https://www.thegioididong.com/images/44/249143/lenovo-thinkbook-14s-yoga-itl-i7-20we004fvn-10.jpg\" onclick=\"return false;\"><img alt=\"Lenovo ThinkBook 14s Yoga ITL i7 1165G7 (20WE004FVN) - Hình ảnh\" src=\"https://cdn.tgdd.vn/Products/Images/44/249143/lenovo-thinkbook-14s-yoga-itl-i7-20we004fvn-10.jpg\" /></a></p>\r\n\r\n<p><a href=\"https://www.thegioididong.com/laptop\" target=\"_blank\">Laptop</a>&nbsp;c&oacute; độ s&aacute;ng l&ecirc;n đến&nbsp;<strong>300 nits&nbsp;</strong>với<a href=\"https://www.thegioididong.com/laptop-100-srgb\" target=\"_blank\">&nbsp;m&agrave;n h&igrave;nh 100% sRGB</a>&nbsp;cung cấp cho người d&ugrave;ng lượng &aacute;nh s&aacute;ng cần thiết để c&oacute; thể l&agrave;m việc với cường độ cao m&agrave; kh&ocirc;ng bị mỏi mắt, thoải m&aacute;i tận hưởng những khung h&igrave;nh tuyệt mỹ qua khung h&igrave;nh rộng l&ecirc;n đến&nbsp;<strong>178 độ</strong>&nbsp;nhờ&nbsp;<strong>tấm nền IPS</strong>&nbsp;hiện đại.&nbsp;</p>\r\n\r\n<p><a href=\"https://www.thegioididong.com/images/44/249143/lenovo-thinkbook-14s-yoga-itl-i7-20we004fvn-11.jpg\" onclick=\"return false;\"><img alt=\"Lenovo ThinkBook 14s Yoga ITL i7 1165G7 (20WE004FVN) - Hiển thị chân thực\" src=\"https://cdn.tgdd.vn/Products/Images/44/249143/lenovo-thinkbook-14s-yoga-itl-i7-20we004fvn-11.jpg\" /></a></p>\r\n\r\n<p>Biến đổi dễ d&agrave;ng v&agrave; linh hoạt sử dụng như một chiếc m&aacute;y t&iacute;nh bảng thực thụ với&nbsp;<a href=\"https://www.thegioididong.com/laptop-man-hinh-cam-ung\" target=\"_blank\">m&agrave;n h&igrave;nh cảm ứng</a>&nbsp;đa điểm c&ugrave;ng b&uacute;t k&egrave;m theo cho bạn thỏa sức s&aacute;ng tạo mọi l&uacute;c mọi nơi m&agrave; kh&ocirc;ng cần đến chuột hay b&agrave;n ph&iacute;m.</p>\r\n\r\n<p><a href=\"https://www.thegioididong.com/images/44/249143/lenovo-thinkbook-14s-yoga-itl-i7-20we004fvn-9.jpg\" onclick=\"return false;\"><img alt=\"Lenovo ThinkBook 14s Yoga ITL i7 1165G7 (20WE004FVN) - Cảm ứng đa điểm\" src=\"https://cdn.tgdd.vn/Products/Images/44/249143/lenovo-thinkbook-14s-yoga-itl-i7-20we004fvn-9.jpg\" /></a></p>\r\n\r\n<p>Tận hưởng trọn vẹn khoảnh khắc thư gi&atilde;n tuyệt vời với chất &acirc;m ho&agrave;n hảo đến từ c&ocirc;ng nghệ&nbsp;<strong>Sound by Dynaudio</strong>&nbsp;kết hợp với &acirc;m thanh v&ograve;m&nbsp;<strong>Dolby Audio&nbsp;</strong>cho khả năng lọc khử tiếng ồn trong trẻo v&agrave; độ khuếch đại cao, đắm ch&igrave;m tr&ecirc;n từng nốt nhạc.</p>\r\n\r\n<p><a href=\"https://www.thegioididong.com/images/44/249143/lenovo-thinkbook-14s-yoga-itl-i7-20we004fvn-12.jpg\" onclick=\"return false;\"><img alt=\"Lenovo ThinkBook 14s Yoga ITL i7 1165G7 (20WE004FVN) - Âm thanh\" src=\"https://cdn.tgdd.vn/Products/Images/44/249143/lenovo-thinkbook-14s-yoga-itl-i7-20we004fvn-12.jpg\" /></a></p>\r\n\r\n<p><a href=\"https://www.thegioididong.com/laptop/lenovo-thinkbook-14s-yoga-itl-i7-20we004fvn\" target=\"_blank\">Laptop Lenovo ThinkBook 14s Yoga ITL i7 (20WE004FVN)</a>&nbsp;sẽ l&agrave; một người đồng h&agrave;nh l&yacute; tưởng cho người d&ugrave;ng văn ph&ograve;ng bởi thiết kế đẳng cấp, thời thượng c&ugrave;ng những th&ocirc;ng số kỹ thuật vượt bật.</p>\r\n', 2021, 23, 'e202545833', '2', 'e32304480f', '1', '1', '2');
INSERT INTO `products` (`ProductID`, `ProductName`, `Image`, `Price`, `Discount`, `Total`, `Description`, `YearOfProduction`, `Quantity`, `BrandID`, `ColorID`, `SsdID`, `HddID`, `CardID`, `RamID`) VALUES
('949e1a0968', 'Laptop Dell Vostro 3500 i5 1135G7/8GB/512GB/Office H&S2019/Win10 (7G3983)', './assets/image/imgProduct/dell-vostro-3500-i5-1135g7-8gb-512gb-office-600x600.jpg', 20990000, 10, 18891000, '<h3><a href=\"https://www.thegioididong.com/laptop/dell-vostro-3500-i5-7g3983\" target=\"_blank\">Laptop Dell Vostro 3500 i5 1135G7 (7G3983)</a>&nbsp;l&agrave; người cộng sự đắc lực khi sở hữu cấu h&igrave;nh mạnh mẽ c&ugrave;ng thiết kế hiện đại, đơn giản với gam m&agrave;u đen trung t&iacute;nh bao bọc b&ecirc;n ngo&agrave;i.</h3>\r\n\r\n<h3>Ph&aacute; bỏ mọi ranh giới với h&igrave;nh ảnh c&ugrave;ng &acirc;m thanh ch&acirc;n thật</h3>\r\n\r\n<p><a href=\"https://www.thegioididong.com/laptop-15-6-inch\" target=\"_blank\">M&agrave;n h&igrave;nh 15.6 inch</a>&nbsp;với độ ph&acirc;n giải&nbsp;<a href=\"https://www.thegioididong.com/laptop-full-hd\" target=\"_blank\">Full HD</a>&nbsp;<strong>(1920 x 1080)&nbsp;</strong>cung cấp cho bạn h&igrave;nh ảnh sắc n&eacute;t, sống động như thật c&ugrave;ng m&agrave;u sắc được t&aacute;i tạo ch&acirc;n thật nhưng vẫn tiết kiệm năng lượng tối ưu nhờ&nbsp;<strong>c&ocirc;ng nghệ LED Backlit</strong>.</p>\r\n\r\n<p>C&ocirc;ng nghệ&nbsp;<a href=\"https://www.thegioididong.com/hoi-dap/wide-viewing-angle-la-gi-uu-nhuoc-diem-1302188\" target=\"_blank\">Wide Viewing Angle (WVA)</a>&nbsp;mang đến khung h&igrave;nh rộng mở đến&nbsp;<strong>178 độ,</strong>&nbsp;cho ph&eacute;p bạn l&agrave;m việc hay giải tr&iacute; ở cả những nơi c&oacute; điều kiện &aacute;nh s&aacute;ng bật lợi m&agrave; kh&ocirc;ng lo mỏi mắt nhờ&nbsp;<strong>c&ocirc;ng nghệ chống ch&oacute;i Anti Glare.</strong></p>\r\n\r\n<p><a href=\"https://www.thegioididong.com/images/44/252501/dell-vostro-3500-i5-7g3983-7.jpg\" onclick=\"return false;\"><img alt=\"Dell Vostro 3500 i5 1135G7 (7G3983) - Màn hình\" src=\"https://cdn.tgdd.vn/Products/Images/44/252501/dell-vostro-3500-i5-7g3983-7.jpg\" /></a></p>\r\n\r\n<p>L&agrave;m việc hay học trực tuyến với c&aacute;c ứng dụng Zoom, Google Meet, Microsoft Teams,... một c&aacute;ch hiệu quả nhờ&nbsp;<strong>HD webcam</strong>&nbsp;với độ ph&acirc;n giải&nbsp;<strong>720p</strong>.&nbsp;</p>\r\n\r\n<p><a href=\"https://www.thegioididong.com/images/44/252501/dell-vostro-3500-i5-7g3983-9.jpg\" onclick=\"return false;\"><img alt=\"Dell Vostro 3500 i5 1135G7 (7G3983) - Webcam\" src=\"https://cdn.tgdd.vn/Products/Images/44/252501/dell-vostro-3500-i5-7g3983-9.jpg\" /></a></p>\r\n\r\n<p>C&ocirc;ng nghệ&nbsp;<a href=\"https://www.thegioididong.com/hoi-dap/tim-hieu-ve-cong-nghe-am-thanh-realtek-high-defini-1181909\" target=\"_blank\">Realtek High Definition Audio</a>, n&acirc;ng tầm trải nghiệm của bạn&nbsp;với &acirc;m thanh to r&otilde; với khả năng khuếch đại c&ugrave;ng bộ t&ugrave;y chỉnh chuy&ecirc;n s&acirc;u, cho bạn đắm ch&igrave;m trong kh&ocirc;ng gian thư gi&atilde;n đầy thoải m&aacute;i.</p>\r\n\r\n<p><a href=\"https://www.thegioididong.com/images/44/252501/dell-vostro-3500-i5-7g3983-8.jpg\" onclick=\"return false;\"><img alt=\"Dell Vostro 3500 i5 1135G7 (7G3983) - Âm thanh\" src=\"https://cdn.tgdd.vn/Products/Images/44/252501/dell-vostro-3500-i5-7g3983-8.jpg\" /></a></p>\r\n\r\n<h3>Ph&ugrave; hợp với thời đại với phong c&aacute;ch hiện đại, đơn giản</h3>\r\n\r\n<p><a href=\"https://www.thegioididong.com/laptop-dell-vostro\" target=\"_blank\">Laptop Dell Vostro</a>&nbsp;với trọng lượng&nbsp;<strong>1.98 kg&nbsp;</strong>v&agrave; d&agrave;y&nbsp;<strong>19.9 mm,&nbsp;</strong>c&ugrave;ng lớp vỏ được chế t&aacute;c từ nhựa chắc chắn, bền bỉ, tuy m&aacute;y c&oacute; khối lượng kh&ocirc;ng nhẹ nhưng bạn vẫn c&oacute; thể bỏ v&agrave;o balo v&agrave; mang theo di chuyển đến bất kỳ đ&acirc;u m&agrave; kh&ocirc;ng lo chiếm qu&aacute; nhiều diện t&iacute;ch.</p>\r\n\r\n<p><a href=\"https://www.thegioididong.com/images/44/252501/dell-vostro-3500-i5-7g3983-2.jpg\" onclick=\"return false;\"><img alt=\"Dell Vostro 3500 i5 1135G7 (7G3983) - Thiết kế\" src=\"https://cdn.tgdd.vn/Products/Images/44/252501/dell-vostro-3500-i5-7g3983-2.jpg\" /></a></p>\r\n\r\n<p>B&agrave;n ph&iacute;m&nbsp;<strong>Fullsize&nbsp;</strong>với c&aacute;c ph&iacute;m c&oacute; h&agrave;nh tr&igrave;nh s&acirc;u, độ nảy tốt c&ugrave;ng b&agrave;n ph&iacute;m số được t&iacute;ch hợp b&ecirc;n phải, cho bạn thuận tiện khi nhập c&aacute;c dữ liệu số, n&acirc;ng cao hiệu quả c&ocirc;ng việc.</p>\r\n\r\n<p><a href=\"https://www.thegioididong.com/images/44/252501/dell-vostro-3500-i5-7g3983-6.jpg\" onclick=\"return false;\"><img alt=\"Dell Vostro 3500 i5 1135G7 (7G3983) - Bàn phím\" src=\"https://cdn.tgdd.vn/Products/Images/44/252501/dell-vostro-3500-i5-7g3983-6.jpg\" /></a></p>\r\n\r\n<p>Hai b&ecirc;n&nbsp;<a href=\"https://www.thegioididong.com/laptop-dell\" target=\"_blank\">laptop Dell</a>&nbsp;được trang bị đa dạng c&aacute;c cổng kết nối như 2 cổng USB 3.1, HDMI, Jack tai nghe 3.5 mm, LAN (RJ45), USB 2.0 v&agrave; khe cắm thẻ nhớ SD hỗ trợ bạn li&ecirc;n kết với c&aacute;c thiết bị ngoại vi kh&aacute;c dễ d&agrave;ng m&agrave; kh&ocirc;ng cần chuyển đổi rườm r&agrave;.</p>\r\n\r\n<p><a href=\"https://www.thegioididong.com/images/44/252501/dell-vostro-3500-i5-7g3983-11.jpg\" onclick=\"return false;\"><img alt=\"Dell Vostro 3500 i5 1135G7 (7G3983) - Cổng kết nối\" src=\"https://cdn.tgdd.vn/Products/Images/44/252501/dell-vostro-3500-i5-7g3983-11.jpg\" /></a></p>\r\n\r\n<p>C&aacute;c chuẩn kết nối kh&ocirc;ng d&acirc;y&nbsp;<strong>Wi-Fi 802.11 a/b/g/n/ac</strong>&nbsp;v&agrave;&nbsp;<strong>Bluetooth 5.0</strong>&nbsp;cho ph&eacute;p&nbsp;<a href=\"https://www.thegioididong.com/laptop\" target=\"_blank\">laptop</a>&nbsp;truyền tải th&ocirc;ng tin nhanh ch&oacute;ng đường truyền ổn định, n&acirc;ng cao năng suất l&agrave;m việc m&agrave; kh&ocirc;ng lo gi&aacute;n đoạn, ngắt qu&atilde;ng.</p>\r\n\r\n<p><strong>Office Home &amp; Student 2019 vĩnh viễn</strong>&nbsp;được c&agrave;i đặt sẵn tr&ecirc;n laptop nhằm tối ưu c&ocirc;ng việc v&agrave; học tập của bạn, bạn c&oacute; thể thoải m&aacute;i sử dụng c&aacute;c phần mềm của Microsoft Office m&agrave; kh&ocirc;ng cần phải mua ri&ecirc;ng.</p>\r\n\r\n<p><a href=\"https://www.thegioididong.com/images/44/252501/dell-vostro-3500-i5-7g3983-031121-053332.jpg\" onclick=\"return false;\"><img alt=\"Dell Vostro 3500 i5 1135G7 (7G3983) - Phần mềm\" src=\"https://cdn.tgdd.vn/Products/Images/44/252501/dell-vostro-3500-i5-7g3983-031121-053332.jpg\" /></a></p>\r\n\r\n<h3>Chip&nbsp;<a href=\"https://www.thegioididong.com/laptop-cpu-intel-gen-11\" target=\"_blank\">Intel Gen 11</a>&nbsp;mang đến sức mạnh bền bỉ</h3>\r\n\r\n<p>Mang đến&nbsp;tốc độ cơ bản<strong>&nbsp;2.40 GHz</strong>&nbsp;v&agrave; đạt tối đa l&ecirc;n đến&nbsp;<strong>4.2 GHz</strong>&nbsp;nhờ&nbsp;<strong>Turbo Boost</strong>&nbsp;khi sở hữu&nbsp;<strong>4&nbsp;nh&acirc;n 8&nbsp;</strong><strong>luồng,&nbsp;</strong>bộ vi xử l&yacute;&nbsp;<a href=\"https://www.thegioididong.com/laptop?g=core-i5\" target=\"_blank\">Intel Core i5</a><strong>&nbsp;Tiger Lake</strong>&nbsp;<strong>1135G7</strong>&nbsp;hỗ trợ bạn giải quyết nhanh gọn v&agrave; hiệu quả c&aacute;c t&aacute;c vụ văn ph&ograve;ng Word, Excel,...</p>\r\n\r\n<p>Đem đến cho người d&ugrave;ng h&igrave;nh ảnh r&otilde; n&eacute;t nhờ card đồ họa t&iacute;ch hợp&nbsp;<a href=\"https://www.thegioididong.com/hoi-dap/tim-hieu-ve-card-do-hoa-tich-hop-intel-iris-xe-graphics-1305192\" target=\"_blank\">Intel Iris Xe Graphics</a>, cho ph&eacute;p bạn chỉnh sửa h&igrave;nh ảnh, render video cơ bản,... c&ugrave;ng c&aacute;c ứng dụng AI, Photoshop,... đồng thời gi&uacute;p bạn giải tr&iacute; bằng c&aacute;c tựa game nhẹ nh&agrave;ng một c&aacute;ch ổn định.</p>\r\n\r\n<p><a href=\"https://www.thegioididong.com/laptop-8-gb\" target=\"_blank\">RAM 8 GB</a>&nbsp;loại&nbsp;<strong>DDR4 2 khe&nbsp;</strong>(1 khe<strong>&nbsp;8 GB&nbsp;</strong>+ 1 khe rời)<strong>&nbsp;</strong>với tốc độ Bus RAM l&ecirc;n đến&nbsp;<strong>2666 MHz</strong>, c&ugrave;ng khả năng n&acirc;ng cấp RAM<strong>&nbsp;32</strong>&nbsp;<strong>GB</strong>&nbsp;mang đến một phi&ecirc;n bản laptop đa nhiệm, hỗ trợ bạn mở nhiều tab hay ứng dụng c&ugrave;ng l&uacute;c v&agrave; chuyển đổi qua lại m&agrave; kh&ocirc;ng lo giật lag m&aacute;y.</p>\r\n\r\n<p><a href=\"https://www.thegioididong.com/images/44/252501/dell-vostro-3500-i5-7g3983-4.jpg\" onclick=\"return false;\"><img alt=\"Dell Vostro 3500 i5 1135G7 (7G3983) - Cấu hình\" src=\"https://cdn.tgdd.vn/Products/Images/44/252501/dell-vostro-3500-i5-7g3983-4.jpg\" /></a></p>\r\n\r\n<p>Kh&ocirc;ng gian lưu trữ rộng lớn đến từ ổ cứng&nbsp;<a href=\"https://www.thegioididong.com/laptop?g=ssd-512-gb\" target=\"_blank\">SSD 512 GB</a>&nbsp;<strong>NVMe PCle&nbsp;</strong>c&ugrave;ng khe cắm&nbsp;<strong>HDD SATA</strong>&nbsp;(n&acirc;ng cấp tối đa&nbsp;<strong>2 TB</strong>), cho bạn thoải m&aacute;i lưu giữ c&aacute;c t&agrave;i liệu ưa th&iacute;ch, đồng thời tiết kiệm thời gian mở v&agrave; vận h&agrave;nh m&aacute;y một c&aacute;ch tối ưu nhất.</p>\r\n\r\n<p><a href=\"https://www.thegioididong.com/images/44/252501/dell-vostro-3500-i5-7g3983-5.jpg\" onclick=\"return false;\"><img alt=\"Dell Vostro 3500 i5 1135G7 (7G3983) - SSD\" src=\"https://cdn.tgdd.vn/Products/Images/44/252501/dell-vostro-3500-i5-7g3983-5.jpg\" /></a></p>\r\n\r\n<p>Dell Vostro 3500 i5 1135G7 (7G3983)&nbsp;l&agrave;&nbsp;<a href=\"https://www.thegioididong.com/laptop?g=hoc-tap-van-phong\" target=\"_blank\">laptop học tập - văn ph&ograve;ng</a>&nbsp;sở hữu thiết kế hiện đại c&ugrave;ng cấu h&igrave;nh mạnh mẽ, ổn định, l&agrave; phi&ecirc;n bản đ&aacute;ng chọn lựa, nhất l&agrave; đối với c&aacute;c bạn học sinh, sinh vi&ecirc;n hay nh&acirc;n vi&ecirc;n văn ph&ograve;ng.</p>\r\n', 2021, 76, '1', '1', 'e32304480f', '1', '1', '2'),
('af9c6749d6', 'Laptop Dell XPS 13 9310 i7 1165G7/16GB/512GB/Touch/Pen/Office H&S2019/Win10 (JGNH62) ', './assets/image/imgProduct/dell-xps-13-9310-i7-jgnh62-600x600.jpg', 59990000, 0, 59990000, '<h3><a href=\"https://www.thegioididong.com/laptop/dell-xps-13-9310-i7-jgnh62\" target=\"_blank\">Laptop Dell XPS 13 9310 i7 1165G7 (JGNH62)</a>, sự kết hợp ho&agrave;n mỹ giữa hiệu năng, khả năng phản hồi c&ugrave;ng h&igrave;nh ảnh ảnh sắc n&eacute;t cho một d&ograve;ng m&aacute;y t&iacute;nh x&aacute;ch tay thời trang đầy sang trọng.</h3>\r\n\r\n<h3>Kho&aacute;c l&ecirc;n m&igrave;nh vẻ đẹp đẳng cấp, thu h&uacute;t mọi &aacute;nh nh&igrave;n</h3>\r\n\r\n<p>Ấn tượng với thiết kế độc đ&aacute;o khi chiếc&nbsp;<a href=\"https://www.thegioididong.com/laptop\" target=\"_blank\">laptop</a>&nbsp;n&agrave;y được cắt từ một khối nh&ocirc;m th&agrave;nh hai mảnh kết hợp c&ugrave;ng k&iacute;nh Corning Gorilla 6 t&acirc;n tiến, điều n&agrave;y gi&uacute;p n&oacute; bền bỉ hơn gấp nhiều lần so với thiết kế một chiếc m&aacute;y được gh&eacute;p lại với nhau, gi&uacute;p m&aacute;y chắc chắn hơn trước những va đập, trầy xước hằng ng&agrave;y.</p>\r\n\r\n<p><a href=\"https://www.thegioididong.com/laptop-dell\" target=\"_blank\">Dell</a>&nbsp;đ&atilde; tr&igrave;nh l&agrave;ng một phi&ecirc;n bản laptop với độ tinh tế đến từng chi tiết khi sở hữu c&aacute;c cạnh b&ecirc;n được mạ k&eacute;p b&oacute;ng bẩy, cho một chiếc m&aacute;y t&iacute;nh x&aacute;ch tay đạt đến độ ho&agrave;n thiện cao v&agrave; ngăn ngừa trầy xước từ c&aacute;c đầu nối.</p>\r\n\r\n<p>Bao bọc b&ecirc;n ngo&agrave;i lớp kim loại l&agrave; sắc bạc bạch kim cao cấp với nội thất đen tuyền b&ecirc;n trong được thiết kế từ sợi carbon, sở hữu trọng lượng&nbsp;<strong>1.27 kg&nbsp;</strong>v&agrave; mỏng<strong>&nbsp;14.8 mm</strong>, mang đến một phi&ecirc;n bản thế hệ mới với trọng lượng tối thiểu nhưng sức mạnh tối đa.</p>\r\n\r\n<p>Thiết kế nắp bật thuận tiện cho bạn mở m&aacute;y dễ d&agrave;ng cả khi đang di chuyển, hơn thế nữa, cảm biến nắp t&iacute;ch hợp cho ph&eacute;p người d&ugrave;ng mở nắp v&agrave; bật nguồn chỉ trong mili gi&acirc;y, bất kể m&aacute;y đang c&ograve;n &iacute;t năng lượng.</p>\r\n\r\n<p><a href=\"https://www.thegioididong.com/images/44/250722/dell-xps-13-9310-i7-jgnh62-2-1.jpg\" onclick=\"return false;\"><img alt=\"Dell XPS 13 9310 i7 1165G7 (JGNH62) - Thiết kế\" src=\"https://cdn.tgdd.vn/Products/Images/44/250722/dell-xps-13-9310-i7-jgnh62-2-1.jpg\" /></a></p>\r\n\r\n<p>Dễ d&agrave;ng chia sẻ với người đối diện nhờ&nbsp;<a href=\"https://www.thegioididong.com/laptop-man-hinh-gap-360-do\" target=\"_blank\">bản lề gập mở 360 độ</a>, cho người d&ugrave;ng thuận tiện trao đổi dữ liệu trong qu&aacute; tr&igrave;nh l&agrave;m việc hay học tập m&agrave; kh&ocirc;ng cần xoay chuyển rườm r&agrave;.</p>\r\n\r\n<p><a href=\"https://www.thegioididong.com/images/44/250722/dell-xps-13-9310-i7-jgnh62-8-1.jpg\" onclick=\"return false;\"><img alt=\"Dell XPS 13 9310 i7 1165G7 (JGNH62) - Bản lề 360 độ\" src=\"https://cdn.tgdd.vn/Products/Images/44/250722/dell-xps-13-9310-i7-jgnh62-8-1.jpg\" /></a></p>\r\n\r\n<p><strong>B&agrave;n ph&iacute;m MagLev</strong>&nbsp;thế hệ mới được trang bị&nbsp;<strong>đ&egrave;n nền</strong>&nbsp;với thiết kế tr&agrave;n cạnh v&agrave; mỏng hơn đến&nbsp;<strong>24%</strong>&nbsp;so với b&agrave;n ph&iacute;m ti&ecirc;u chuẩn c&ugrave;ng b&agrave;n di chuột rộng hơn, n&acirc;ng tầm trải nghiệm của người d&ugrave;ng, cho cảm gi&aacute;c g&otilde; ph&iacute;m thoải m&aacute;i v&agrave; thuận tiện.</p>\r\n\r\n<p><a href=\"https://www.thegioididong.com/images/44/250722/dell-xps-13-9310-i7-jgnh62-7-1.jpg\" onclick=\"return false;\"><img alt=\"Dell XPS 13 9310 i7 1165G7 (JGNH62) - Bàn phím\" src=\"https://cdn.tgdd.vn/Products/Images/44/250722/dell-xps-13-9310-i7-jgnh62-7-1.jpg\" /></a></p>\r\n\r\n<p>Đăng nhập nhanh ch&oacute;ng chỉ với một chạm nhờ&nbsp;<strong>bảo mật v&acirc;n tay</strong>, đồng thời gi&uacute;p c&aacute;c dữ liệu c&aacute; nh&acirc;n của bạn được đảm bảo an to&agrave;n hơn.</p>\r\n\r\n<p><a href=\"https://www.thegioididong.com/images/44/250722/dell-xps-13-9310-i7-jgnh62-10-1.jpg\" onclick=\"return false;\"><img alt=\"Dell XPS 13 9310 i7 1165G7 (JGNH62) - Cảm biến vân tay\" src=\"https://cdn.tgdd.vn/Products/Images/44/250722/dell-xps-13-9310-i7-jgnh62-10-1.jpg\" /></a></p>\r\n\r\n<p>Nhỏ hơn nhưng ho&agrave;n hảo khi&nbsp;<strong>webcam</strong>&nbsp;của chiếc&nbsp;<a href=\"https://www.thegioididong.com/laptop-dell-xps\" target=\"_blank\">Dell XPS</a>&nbsp;n&agrave;y chỉ&nbsp;<strong>2.25 mm&nbsp;</strong>với ống k&iacute;nh 4 th&agrave;nh phần, cung cấp h&igrave;nh ảnh r&otilde; n&eacute;t d&ugrave; ở bất kỳ khu vực n&agrave;o trong khung h&igrave;nh c&ugrave;ng t&iacute;nh năng giảm nhiễu được cải thiện t&acirc;n tiến hơn, hỗ trợ bạn l&agrave;m việc v&agrave; học tập trực tuyến hiệu quả hơn.</p>\r\n\r\n<h3>Trang bị c&aacute;c cổng giao tiếp tiện lợi</h3>\r\n\r\n<p>Phi&ecirc;n bản<a href=\"https://www.thegioididong.com/laptop?g=cao-cap-sang-trong\" target=\"_blank\">&nbsp;laptop cao cấp - sang trọng</a>&nbsp;n&agrave;y được trang bị c&aacute;c cổng kết nối phổ biến như&nbsp;2 cổng Thunderbolt 4 USB-C, Jack tai nghe 3.5 mm c&ugrave;ng khe đọc thẻ nhớ Micro SD, hỗ trợ người d&ugrave;ng truyền xuất dữ liệu dễ d&agrave;ng, kh&ocirc;ng cần phải chuyển đổi rườm r&agrave;.</p>\r\n\r\n<p><a href=\"https://www.thegioididong.com/images/44/250722/dell-xps-13-9310-i7-jgnh62-14-1.jpg\" onclick=\"return false;\"><img alt=\"Dell XPS 13 9310 i7 1165G7 (JGNH62) - Cổng kết nối\" src=\"https://cdn.tgdd.vn/Products/Images/44/250722/dell-xps-13-9310-i7-jgnh62-14-1.jpg\" /></a></p>\r\n\r\n<p>Đường truyền kh&ocirc;ng bị gi&aacute;n đoạn trong suốt qu&aacute; tr&igrave;nh sử dụng nhờ&nbsp;<strong>Bluetooth 5.0</strong>&nbsp;v&agrave;&nbsp;<a href=\"https://www.thegioididong.com/hoi-dap/wi-fi-chuan-80211ax-la-gi-tim-hieu-ve-wi-fi-the-he-thu-6-1187524\" target=\"_blank\">Wi-Fi 6 (802.11ax)</a>, cho ph&eacute;p bạn truyền tải dữ liệu thuận lợi ở bất kỳ kh&ocirc;ng gian n&agrave;o nhưng vẫn tiết kiệm tối ưu điện năng.</p>\r\n\r\n<h3>Tầm nh&igrave;n ở tầm cao mới, cho bạn cảm gi&aacute;c như trong ch&iacute;nh khung h&igrave;nh</h3>\r\n\r\n<p>Thiết kế tr&agrave;n viền với&nbsp;<a href=\"https://www.thegioididong.com/laptop-13-4-inch\" target=\"_blank\">m&agrave;n h&igrave;nh 13.4 inch</a>&nbsp;với độ ph&acirc;n giải&nbsp;<strong>4K/UHD (3840 x 2400)</strong>&nbsp;c&ugrave;ng độ hiển thị tối đa&nbsp;<strong>16 triệu</strong>&nbsp;<strong>m&agrave;u</strong>&nbsp;v&agrave; độ bao phủ m&agrave;u l&ecirc;n đến&nbsp;<strong>100%</strong>&nbsp;nhờ&nbsp;<a href=\"https://www.thegioididong.com/hoi-dap/amp/man-hinh-infinity-edge-co-gi-noi-bat-1316872\" target=\"_blank\">m&agrave;n h&igrave;nh Infinity Edge</a>, mang đến chất lượng h&igrave;nh ảnh sắc n&eacute;t đến từng chi tiết.</p>\r\n\r\n<p>Mang đến sự đổi mới nổi bật khi sở hữu m&agrave;n h&igrave;nh&nbsp;<strong>16:10</strong>&nbsp;với tỷ lệ m&agrave;n h&igrave;nh so với th&acirc;n m&aacute;y được cải thiện vượt trội, cho bạn th&ecirc;m nhiều kh&ocirc;ng gian h&igrave;nh ảnh, gia tăng năng suất sử dụng.</p>\r\n\r\n<p><a href=\"https://www.thegioididong.com/images/44/250722/dell-xps-13-9310-i7-jgnh62-11-1.jpg\" onclick=\"return false;\"><img alt=\"Dell XPS 13 9310 i7 1165G7 (JGNH62) - Màn hình \" src=\"https://cdn.tgdd.vn/Products/Images/44/250722/dell-xps-13-9310-i7-jgnh62-11-1.jpg\" /></a></p>\r\n\r\n<p>Kh&ocirc;ng những thế, m&agrave;n h&igrave;nh c&ograve;n được t&iacute;ch hợp<strong>&nbsp;c&ocirc;ng nghệ Eyesafe&nbsp;</strong>hỗ trợ hạn chế tối đa c&aacute;c &aacute;nh s&aacute;ng xanh độc hại, gi&uacute;p bạn hoạt động l&acirc;u tr&ecirc;n m&aacute;y nhưng kh&ocirc;ng g&acirc;y ảnh hưởng qu&aacute; nhiều đến mắt.</p>\r\n\r\n<p>Chưa dừng lại ở đ&oacute;, hạn chế tối ưu hiện tượng ch&oacute;i, b&oacute;ng tr&ecirc;n laptop khi được trang bị độ s&aacute;ng m&agrave;n h&igrave;nh&nbsp;<strong>500 nits</strong>, cho bạn lu&ocirc;n nhận được h&igrave;nh ảnh sắc n&eacute;t d&ugrave; ở ngo&agrave;i trời nắng gắt.</p>\r\n\r\n<p><a href=\"https://www.thegioididong.com/images/44/250722/dell-xps-13-9310-i7-jgnh62-12-1.jpg\" onclick=\"return false;\"><img alt=\"Dell XPS 13 9310 i7 1165G7 (JGNH62) - Độ sáng màn hình \" src=\"https://cdn.tgdd.vn/Products/Images/44/250722/dell-xps-13-9310-i7-jgnh62-12-1.jpg\" /></a></p>\r\n\r\n<p>Đặc biệt hơn khi bạn c&oacute; thể dễ d&agrave;ng biến đổi chiếc laptop th&agrave;nh một phi&ecirc;n bản m&aacute;y t&iacute;nh bảng đa năng nhờ<a href=\"https://www.thegioididong.com/laptop-man-hinh-cam-ung\" target=\"_blank\">&nbsp;m&agrave;n h&igrave;nh cảm ứng</a>, c&ugrave;ng bạn thỏa sức s&aacute;ng tạo với&nbsp;<strong>Dell Premium Active Pen</strong>&nbsp;đi k&egrave;m c&oacute; độ nhạy &aacute;p lực ch&iacute;nh x&aacute;c, độ trễ thấp, mang đến những trải nghiệm trọn vẹn nhất cho từng những chi tiết nhỏ nhất.</p>\r\n\r\n<p><a href=\"https://www.thegioididong.com/images/44/250722/dell-xps-13-9310-i7-jgnh62-9-1.jpg\" onclick=\"return false;\"><img alt=\"Dell XPS 13 9310 i7 1165G7 (JGNH62) - Cảm ứng\" src=\"https://cdn.tgdd.vn/Products/Images/44/250722/dell-xps-13-9310-i7-jgnh62-9-1.jpg\" /></a></p>\r\n\r\n<p>Thế giới &acirc;m nhạc v&agrave; phim ảnh trở n&ecirc;n sống động hơn bao giờ hết nhờ sự kết hợp của c&ocirc;ng nghệ &acirc;m thanh&nbsp;<a href=\"https://www.thegioididong.com/hoi-dap/tim-hieu-ve-cong-nghe-am-thanh-realtek-high-defi-1181909\" target=\"_blank\">Realtek High Definition Audio</a>&nbsp;v&agrave;&nbsp;<a href=\"https://www.thegioididong.com/hoi-dap/tim-hieu-ve-cong-nghe-am-thanh-waves-maxx-audio-1180272\" target=\"_blank\">Waves MAXX Audio</a>, cho &acirc;m thanh to r&otilde;, khả năng khuếch đại &acirc;m thanh c&ugrave;ng bộ điều chỉnh chuy&ecirc;n nghiệp.</p>\r\n\r\n<p><a href=\"https://www.thegioididong.com/images/44/250722/dell-xps-13-9310-i7-jgnh62-13-1.jpg\" onclick=\"return false;\"><img alt=\"Dell XPS 13 9310 i7 1165G7 (JGNH62) - Âm thanh\" src=\"https://cdn.tgdd.vn/Products/Images/44/250722/dell-xps-13-9310-i7-jgnh62-13-1.jpg\" /></a></p>\r\n\r\n<h3>Đ&aacute;nh bật mọi đối thủ với sức mạnh hiệu năng từ&nbsp;<a href=\"https://www.thegioididong.com/laptop-cpu-intel-gen-11\" target=\"_blank\">chip Intel Gen 11</a></h3>\r\n\r\n<p>Trở th&agrave;nh một chiếc laptop mạnh mẽ trong ph&acirc;n kh&uacute;c với<strong>&nbsp;4 nh&acirc;n 8 luồng</strong>&nbsp;đến từ bộ vi xử l&yacute;&nbsp;<a href=\"https://www.thegioididong.com/laptop?g=core-i7\" target=\"_blank\">intel Core i7</a>&nbsp;<strong>Tiger Lake 1165G7</strong>, sở hữu tốc độ&nbsp;<strong>2.80 GHz</strong>&nbsp;v&agrave; đạt tối đa l&ecirc;n đến&nbsp;<strong>4.7 GHz</strong>&nbsp;nhờ&nbsp;<strong>Turbo Boost</strong>, cho ph&eacute;p người d&ugrave;ng xử l&yacute; mọi t&aacute;c vụ từ đơn giản đến phức tạp, từ c&aacute;c c&ocirc;ng việc văn ph&ograve;ng cơ bản với c&aacute;c ứng dụng Word, Excel,.. đến thiết kế đồ họa hay chinh chiến với c&aacute;c thể loại game đầy kịch t&iacute;nh.</p>\r\n\r\n<p>Khơi nguồn s&aacute;ng tạo với card đồ họa t&iacute;ch hợp&nbsp;<a href=\"https://www.thegioididong.com/hoi-dap/tim-hieu-ve-card-do-hoa-tich-hop-intel-iris-xe-graphics-1305192\" target=\"_blank\">Intel Iris Xe Graphics</a>, c&ugrave;ng bạn xử l&yacute; c&aacute;c chỉnh sửa h&igrave;nh ảnh, render video, dựng h&igrave;nh 3D,.. đầy chuy&ecirc;n nghiệp, đồng thời thỏa sức chinh phục c&aacute;c tựa game thịnh h&agrave;nh hiện nay như Li&ecirc;n Minh Huyền Thoại, PUBG: Battlegrounds,...</p>\r\n\r\n<p>L&agrave;m việc v&agrave; học tập nhanh ch&oacute;ng hơn khi Dell sở hữu&nbsp;<a href=\"https://www.thegioididong.com/laptop?g=16-gb\" target=\"_blank\">RAM 16 GB</a>&nbsp;<strong>LPDDR4X (On board)&nbsp;</strong>đem đến khả năng đa nhiệm vượt trội, cho ph&eacute;p bạn vừa thiết kế c&ugrave;ng c&aacute;c phần mềm Photoshop vừa mở tr&igrave;nh duyệt web hay nghe nhạc giải tr&iacute; m&agrave; m&aacute;y vẫn hoạt động mượt m&agrave;, ổn định với tốc độ Bus RAM&nbsp;<strong>4267 MHz</strong>.</p>\r\n\r\n<p><a href=\"https://www.thegioididong.com/images/44/250722/dell-xps-13-9310-i7-jgnh62-4-1.jpg\" onclick=\"return false;\"><img alt=\"Dell XPS 13 9310 i7 1165G7 (JGNH62) - Cấu hình\" src=\"https://cdn.tgdd.vn/Products/Images/44/250722/dell-xps-13-9310-i7-jgnh62-4-1.jpg\" /></a></p>\r\n\r\n<p>Tốc độ truy cập m&aacute;y v&agrave; vận h&agrave;nh c&aacute;c ứng dụng nhanh ch&oacute;ng chỉ trong v&agrave;i gi&acirc;y nhờ ổ cứng&nbsp;<a href=\"https://www.thegioididong.com/laptop?g=ssd-512-gb\" target=\"_blank\">SSD 512 GB</a>&nbsp;<strong>NVMe PCle</strong>, đồng thời cung cấp cho bạn kh&ocirc;ng gian rộng lớn để lưu trữ h&agrave;ng loạt dữ liệu y&ecirc;u th&iacute;ch. Bạn c&oacute; thể dễ d&agrave;ng th&aacute;o lắp ổ cứng v&agrave; thay bằng thanh kh&aacute;c tối đa&nbsp;<strong>1 TB</strong>, đ&aacute;p ứng tối đa mọi y&ecirc;u cầu của bạn.</p>\r\n\r\n<p><a href=\"https://www.thegioididong.com/images/44/250722/dell-xps-13-9310-i7-jgnh62-5-1.jpg\" onclick=\"return false;\"><img alt=\"Dell XPS 13 9310 i7 1165G7 (JGNH62) - SSD\" src=\"https://cdn.tgdd.vn/Products/Images/44/250722/dell-xps-13-9310-i7-jgnh62-5-1.jpg\" /></a></p>\r\n\r\n<p>Đạt chuẩn&nbsp;<a href=\"https://www.thegioididong.com/laptop-intel-evo\" target=\"_blank\">Intel Evo</a>&nbsp;sau nhiều b&agrave;i kiểm tra nghi&ecirc;m ngặt với những yếu tố: bộ xử l&yacute; gen 11 từ Core i5 trở l&ecirc;n kết hợp với card Intel Iris Xe Graphics, pin đạt tr&ecirc;n 9 giờ sử dụng, c&ocirc;ng nghệ sạc nhanh,...</p>\r\n\r\n<p><a href=\"https://www.thegioididong.com/images/44/250722/dell-xps-13-9310-i7-jgnh62-6-1.jpg\" onclick=\"return false;\"><img alt=\"Dell XPS 13 9310 i7 1165G7 (JGNH62) - Intel Evo\" src=\"https://cdn.tgdd.vn/Products/Images/44/250722/dell-xps-13-9310-i7-jgnh62-6-1.jpg\" /></a></p>\r\n\r\n<p>Mỏng nhẹ nhưng sức mạnh vượt bật l&agrave; hai từ d&ugrave;ng để n&oacute;i về chiếc laptop Dell XPS 13 9310 i7 1165G7 (JGNH62), đ&acirc;y hứa hẹn sẽ l&agrave; người cộng sự l&yacute; tưởng tr&ecirc;n mọi h&agrave;nh tr&igrave;nh của bất kỳ ai.</p>\r\n', 2021, 80, '1', '6be19cbbc5', '1', '1', '1', '3'),
('ceaa8b271b', 'Laptop Apple MacBook Pro M1 2020 8GB/256GB (MYD82SA/A)', './assets/image/imgProduct/macbook-pro-m1-2020-gray-600x600.jpg', 33490000, 5, 31815500, '<h3><a href=\"https://www.thegioididong.com/laptop/apple-macbook-pro-2020-m1-myd82saa\" target=\"_blank\">Apple Macbook Pro M1 2020</a>&nbsp;sở hữu thiết kế sang trọng kế thừa từ c&aacute;c thế hệ trước v&agrave; b&ecirc;n trong l&agrave; một cấu h&igrave;nh ấn tượng từ con chip M1 lần đầu ti&ecirc;n xuất hiện tr&ecirc;n MacBook Pro, hiệu năng CPU của m&aacute;y tăng đến 2.8 lần, hiệu năng GPU tăng 5 lần.</h3>\r\n\r\n<h3>Thiết kế mỏng nhẹ, cao cấp</h3>\r\n\r\n<p>Vẫn l&agrave; thiết kế kim loại nguy&ecirc;n khối thường thấy ở c&aacute;c thế hệ trước, phi&ecirc;n bản&nbsp;<a href=\"https://www.thegioididong.com/laptop-apple-macbook-pro\" target=\"_blank\">MacBook Pro</a>&nbsp;lu&ocirc;n mang lại một ngoại h&igrave;nh sang trọng đẳng cấp, mỏng nhẹ chỉ<strong>&nbsp;15.6 mm&nbsp;</strong>từ độ d&agrave;y, trọng lượng<strong>&nbsp;1.4 kg</strong>&nbsp;c&oacute; thể tự tin đồng h&agrave;nh mọi l&uacute;c, c&ugrave;ng bạn đến bất cứ đ&acirc;u m&agrave; bạn muốn như đi học, đi chơi, đi c&ocirc;ng t&aacute;c,...</p>\r\n\r\n<p><a href=\"https://www.thegioididong.com/images/44/231253/apple-macbook-pro-2020-m1-myd82saa-2a-1.jpg\" onclick=\"return false;\"><img alt=\"Apple MacBook Pro M1 2020 (MYD82SA/A)-Thiết kế\" src=\"https://cdn.tgdd.vn/Products/Images/44/231253/apple-macbook-pro-2020-m1-myd82saa-2a-1.jpg\" /></a></p>\r\n\r\n<p><strong>B&agrave;n ph&iacute;m Magic</strong>&nbsp;tr&ecirc;n m&aacute;y được Apple cho l&agrave; đ&atilde; khắc phục hầu hết c&aacute;c nhược điểm của b&agrave;n ph&iacute;m C&aacute;nh bướm tr&ecirc;n c&aacute;c thế hệ trước. Với đ&egrave;n nền v&agrave; c&aacute;c ph&iacute;m tắt, bạn c&oacute; thể xử l&yacute; c&ocirc;ng việc một c&aacute;ch thuận tiện hơn, nhanh ch&oacute;ng hơn.</p>\r\n\r\n<p><a href=\"https://www.thegioididong.com/images/44/231253/apple-macbook-pro-2020-m1-myd82saa-6a-1.jpg\" onclick=\"return false;\"><img alt=\"Apple MacBook Pro M1 2020 (MYD82SA/A)- Bàn phím\" src=\"https://cdn.tgdd.vn/Products/Images/44/231253/apple-macbook-pro-2020-m1-myd82saa-6a-1.jpg\" /></a></p>\r\n\r\n<p>Apple trang bị cho&nbsp;<a href=\"https://www.thegioididong.com/laptop-apple-macbook\" target=\"_blank\">MacBook</a>&nbsp;<strong>Pro 2020</strong>&nbsp;chip bảo mật T2 m&atilde; h&oacute;a dữ liệu ổ cứng c&ugrave;ng với&nbsp;<strong>cảm biến v&acirc;n tay&nbsp;</strong>nhỏ gọn được t&iacute;ch hợp gi&uacute;p bạn c&oacute; thể mở m&aacute;y nhanh ch&oacute;ng, chỉ cần một lần chạm m&agrave; kh&ocirc;ng cần mất qu&aacute; nhiều thời gian nhập mật khẩu rườm r&agrave;.</p>\r\n\r\n<p><a href=\"https://www.thegioididong.com/images/44/231253/apple-macbook-pro-2020-m1-myd82saa-7a-1.jpg\" onclick=\"return false;\"><img alt=\"Apple MacBook Pro M1 2020 (MYD82SA/A)- Bảo mật vân tay\" src=\"https://cdn.tgdd.vn/Products/Images/44/231253/apple-macbook-pro-2020-m1-myd82saa-7a-1.jpg\" /></a></p>\r\n\r\n<p>Hai b&ecirc;n th&acirc;n&nbsp;<a href=\"https://www.thegioididong.com/laptop\" target=\"_blank\">Laptop</a>&nbsp;trang bị 2 cổng Thunderbolt 3 (USB-C), bạn vừa sạc vừa truyền được dữ liệu nhanh l&ecirc;n đến&nbsp;<strong>40 Gb/s&nbsp;</strong>để xuất dữ liệu sang m&agrave;n h&igrave;nh, m&aacute;y chiếu, chia sẻ th&ocirc;ng tin dễ d&agrave;ng.</p>\r\n\r\n<p><a href=\"https://www.thegioididong.com/images/44/231253/apple-macbook-pro-2020-m1-myd82saa-11a.jpg\" onclick=\"return false;\"><img alt=\"Apple MacBook Pro M1 2020 (MYD82SA/A)-Cổng kết nối\" src=\"https://cdn.tgdd.vn/Products/Images/44/231253/apple-macbook-pro-2020-m1-myd82saa-11a.jpg\" /></a></p>\r\n\r\n<h3>Hiệu năng đồ họa cao gấp 2.8 lần đời trước với chip M1 mới</h3>\r\n\r\n<p>MacBook Pro 2020 sở hữu&nbsp;<a href=\"https://www.thegioididong.com/hoi-dap/tim-hieu-ve-chip-apple-m1-con-chip-arm-5nm-dau-tien-danh-1305955\" target=\"_blank\"><strong>con chip M1</strong></a>&nbsp;độc quyền cho d&ograve;ng Macbook&nbsp;được ph&aacute;t triển với kiến tr&uacute;c ARM mới với nhiều t&iacute;nh năng đ&aacute;ng ngạc nhi&ecirc;n, tăng hiệu suất tối đa cho m&aacute;y. C&ugrave;ng GPU&nbsp;<strong>8 l&otilde;i</strong>&nbsp;cho hiệu suất cao hơn đến&nbsp;<strong>3.5 lần</strong>, bạn dễ d&agrave;ng xử l&yacute; c&aacute;c t&aacute;c vụ văn ph&ograve;ng c&oacute; dung lượng cao tr&ecirc;n c&aacute;c phần mềm Word, Excel,...</p>\r\n\r\n<p>Kh&ocirc;ng chỉ vậy, m&aacute;y n&acirc;ng cao tối đa hiệu năng phục vụ nhu cầu đồ hoạ phức tạp tr&ecirc;n c&aacute;c phần mềm AI, Photoshop,...hoạt động trơn tru hơn. Thoả sức s&aacute;ng tạo nội dung, sử dụng mướt c&aacute;c thao t&aacute;c như render video, kết xuất 3D, ph&aacute;t trực tiếp tuyệt vời với độ n&eacute;t cao l&ecirc;n đến 4K v&agrave; tiết kiệm được điện năng cho m&aacute;y.</p>\r\n\r\n<p><a href=\"https://www.thegioididong.com/laptop-8-gb\" target=\"_blank\">RAM 8 GB</a>&nbsp;đ&aacute;p ứng tốt đa nhiệm, bạn d&ugrave;ng nhiều ứng dụng c&ugrave;ng l&uacute;c ổn định hơn, tr&aacute;nh bị giật lag khi thao t&aacute;c, bạn lướt web nhanh hơn, c&aacute;c ứng dụng văn ph&ograve;ng mượt m&agrave; hơn, xử l&yacute; c&ocirc;ng việc trong thiết kế đồ hoạ một c&aacute;ch dễ d&agrave;ng.</p>\r\n\r\n<p><a href=\"https://www.thegioididong.com/images/44/231253/apple-macbook-pro-2020-m1-myd82saa-4a-1.jpg\" onclick=\"return false;\"><img alt=\"Apple MacBook Pro M1 2020 (MYD82SA/A)-Cấu hình\" src=\"https://cdn.tgdd.vn/Products/Images/44/231253/apple-macbook-pro-2020-m1-myd82saa-4a-1.jpg\" /></a></p>\r\n\r\n<p>Nhờ&nbsp;ổ cứng&nbsp;<a href=\"https://www.thegioididong.com/laptop?g=ssd-256-gb\" target=\"_blank\">SSD<strong>&nbsp;</strong>256 GB</a>&nbsp;thời gian khởi động m&aacute;y hoặc mở c&aacute;c phần mềm nặng được tiết kiệm hơn<strong>,&nbsp;</strong>tốc độ đọc ghi th&ocirc;ng tin cũng được cải thiện nhanh ch&oacute;ng. Ngo&agrave;i ra, bạn c&oacute; thể lưu trữ c&aacute;c dữ liệu trong c&ocirc;ng việc, c&aacute;c bộ phim hay,... thuận tiện.</p>\r\n\r\n<p><a href=\"https://www.thegioididong.com/images/44/231253/apple-macbook-pro-2020-m1-myd82saa-5a-1.jpg\" onclick=\"return false;\"><img alt=\"Apple MacBook Pro M1 2020 (MYD82SA/A)- SSD\" src=\"https://cdn.tgdd.vn/Products/Images/44/231253/apple-macbook-pro-2020-m1-myd82saa-5a-1.jpg\" /></a></p>\r\n\r\n<p>MacBook Pro c&oacute; thời lượng sử dụng ấn tượng l&ecirc;n đến&nbsp;<strong>10 giờ</strong>&nbsp;li&ecirc;n tục. Thoải m&aacute;i l&agrave;m việc hay mang theo trong c&aacute;c chuyến đi ngắn ng&agrave;y, kh&ocirc;ng cần lo lắng bị gi&aacute;n đoạn c&ocirc;ng việc.</p>\r\n\r\n<p>B&ecirc;n cạnh những n&acirc;ng cấp về hiệu năng th&igrave; kho ứng dụng tr&ecirc;n macOS cũng được cập nhật, n&acirc;ng cấp lại để tương th&iacute;ch với con chip mới v&agrave; được cải thiện ở số lượng nhiều hơn. Bạn c&oacute; thể tham khảo những&nbsp;<a href=\"https://www.thegioididong.com/game-app/danh-sach-ung-dung-chay-duoc-tren-macbook-chip-apple-m1-1310311\" target=\"_blank\">ứng dụng tương th&iacute;ch với Macbook sở hữu con chip M1</a>.</p>\r\n\r\n<h3>M&agrave;n h&igrave;nh Retina cao cấp viền mỏng thời thượng</h3>\r\n\r\n<p><a href=\"https://www.thegioididong.com/laptop-13-3-inch\" target=\"_blank\">M&agrave;n h&igrave;nh 13.3 inch</a>&nbsp;c&oacute; viền m&agrave;n h&igrave;nh mỏng gi&uacute;p mở rộng kh&ocirc;ng gian nh&igrave;n, cho cảm gi&aacute;c ch&igrave;m đắm v&agrave;o c&aacute;c kh&ocirc;ng gian giải tr&iacute; cực n&eacute;t. Độ ph&acirc;n giải&nbsp;<a href=\"https://www.thegioididong.com/hoi-dap/man-hinh-retina-la-gi-905780\" target=\"_blank\">Retina 2560 x 1600</a>&nbsp;c&ugrave;ng với độ s&aacute;ng l&ecirc;n đến&nbsp;<strong>500 nits</strong>&nbsp;cho h&igrave;nh ảnh đẹp, sắc n&eacute;t, m&agrave;u sắc rực rỡ qua từng khung h&igrave;nh.</p>\r\n\r\n<p>Ngo&agrave;i ra, c&ocirc;ng nghệ&nbsp;<strong>LED Backlit</strong>&nbsp;cho m&agrave;n h&igrave;nh mỏng hơn, tiết kiệm điện năng v&agrave;&nbsp;<a href=\"https://www.thegioididong.com/hoi-dap/man-hinh-ips-lcd-la-gi-905752\" target=\"_blank\">tấm nền IPS</a>&nbsp;đem đến g&oacute;c nh&igrave;n rộng l&ecirc;n đến&nbsp;<strong>178 độ</strong>, mang đến h&igrave;nh ảnh chất lượng, kh&ocirc;ng bị biến đổi kể cả khi bạn kh&ocirc;ng cần ngồi ch&iacute;nh diện của m&aacute;y.</p>\r\n\r\n<p><a href=\"https://www.thegioididong.com/images/44/231253/apple-macbook-pro-2020-m1-myd82saa-8a-1.jpg\" onclick=\"return false;\"><img alt=\"Apple MacBook Pro M1 2020 (MYD82SA/A)- Màn hình\" src=\"https://cdn.tgdd.vn/Products/Images/44/231253/apple-macbook-pro-2020-m1-myd82saa-8a-1.jpg\" /></a></p>\r\n\r\n<p>Hệ thống&nbsp;<strong>loa k&eacute;p</strong>&nbsp;kết hợp với c&ocirc;ng nghệ&nbsp;<strong>Dolby Atmos</strong>,<strong>&nbsp;</strong>MacBook đem đến một tr&atilde;i nghiệm &acirc;m thanh tuyệt vời với chất &acirc;m r&otilde; r&agrave;ng, sống động đến từng chi tiết, thoả sức thưởng thức c&aacute;c bộ phim, bản nhạc, tựa game giải tr&iacute; cực đ&atilde;. Laptop c&oacute; đến 3 microphones t&iacute;ch hợp đảm bảo chất lượng đ&agrave;m thoại tốt khi gọi video với gia đ&igrave;nh hoặc bạn b&egrave;, họp v&agrave; học trực tuyến tiện lợi hơn.&nbsp;</p>\r\n\r\n<p><a href=\"https://www.thegioididong.com/images/44/231253/apple-macbook-pro-2020-m1-myd82saa-9a-1.jpg\" onclick=\"return false;\"><img alt=\"Apple MacBook Pro M1 2020 (MYD82SA/A)- Âm thanh\" src=\"https://cdn.tgdd.vn/Products/Images/44/231253/apple-macbook-pro-2020-m1-myd82saa-9a-1.jpg\" /></a></p>\r\n\r\n<p>Apple Macbook Pro M1 2020 mang trong m&igrave;nh thiết kế sang trọng, tinh tế kết hợp hiệu năng mạnh mẽ, xử l&iacute; mọi t&aacute;c vụ đơn giản hơn, chắc chắn đ&acirc;y sẽ l&agrave; sản phẩm&nbsp;<a href=\"https://www.thegioididong.com/laptop?g=cao-cap-sang-trong\" target=\"_blank\">laptop sang trọng v&agrave; đẳng cấp</a>&nbsp;đ&aacute;ng cho bạn sở hữu.</p>\r\n', 2020, 117, '8951069481', '2', 'e32304480f', '1', '1', '1'),
('d50d1ceb17', 'Laptop Apple MacBook Air M1 2020 8GB/512GB/8-core GPU (MGNE3SA/A) ', './assets/image/imgProduct/macbook-air-m1-2020-gray-600x600.jpg', 32990000, 10, 29691000, '<h3><a href=\"https://www.thegioididong.com/laptop/apple-macbook-air-2020-m1-mgn73saa\" target=\"_blank\">Apple MacBook Air M1 2020</a>&nbsp;sở hữu c&aacute;c t&iacute;nh năng hiện đại c&ugrave;ng với hiệu năng mạnh mẽ từ Chip Apple M1 độc quyền từ Apple, chiếc laptop nhỏ gọn n&agrave;y rất ph&ugrave; hợp với sinh vi&ecirc;n, nh&acirc;n vi&ecirc;n văn ph&ograve;ng kh&ocirc;ng chỉ xử l&yacute; tốt c&aacute;c t&aacute;c vụ văn ph&ograve;ng m&agrave; c&ograve;n giải quyết ổn định thiết kế đồ hoạ.</h3>\r\n\r\n<h3>Thiết kế cao cấp, mỏng nhẹ</h3>\r\n\r\n<p>T&ocirc;n l&ecirc;n vẻ c&aacute; t&iacute;nh, sang trọng,&nbsp;<a href=\"https://www.thegioididong.com/laptop\" target=\"_blank\">laptop</a>&nbsp;được bọc bởi một lớp kim loại nguy&ecirc;n khối c&ugrave;ng với những đường n&eacute;t trang nh&atilde;, tinh tế. Hơn thế nữa, với trọng lượng kh&aacute; nhẹ chỉ&nbsp;<strong>1.29 kg&nbsp;</strong>v&agrave;<strong>&nbsp;</strong>độ mỏng từ&nbsp;<strong>4.1 mm</strong>&nbsp;đến&nbsp;<strong>16.1 mm</strong>&nbsp;c&oacute; thể dễ d&agrave;ng mang theo, chiếc laptop n&agrave;y sẽ l&agrave; người bạn đồng h&agrave;nh c&ugrave;ng bạn mọi l&uacute;c mọi nơi như đi c&ocirc;ng t&aacute;c, đi học, đi họp,...</p>\r\n\r\n<p><a href=\"https://www.thegioididong.com/images/44/231250/apple-macbook-air-2020-m1-mgn73saa-015820-085804.jpg\" onclick=\"return false;\"><img alt=\"Apple Macbook Air M1 (MGN73SA/A) - Thiết kế\" src=\"https://cdn.tgdd.vn/Products/Images/44/231250/apple-macbook-air-2020-m1-mgn73saa-015820-085804.jpg\" /></a></p>\r\n\r\n<p>C&ocirc;ng nghệ&nbsp;<a href=\"https://www.thegioididong.com/hoi-dap/fingerprint-sensor-la-gi-va-co-tac-dung-gi-904389\" target=\"_blank\">cảm biến v&acirc;n tay</a>&nbsp;được&nbsp;<a href=\"https://www.thegioididong.com/laptop-apple-macbook\" target=\"_blank\">MacBook</a>&nbsp;t&iacute;ch hợp gọn g&agrave;ng tr&ecirc;n b&agrave;n ph&iacute;m, chỉ với một chạm bạn sẽ dễ d&agrave;ng mở kho&aacute; m&aacute;y t&iacute;nh, đăng nhập t&agrave;i khoản,... đồng thời bảo mật được dữ liệu quan trọng trong c&ocirc;ng việc hay c&aacute;c t&agrave;i khoản c&aacute;c nh&acirc;n tr&ecirc;n m&aacute;y, tr&aacute;nh người lạ x&acirc;m nhập.</p>\r\n\r\n<p><a href=\"https://www.thegioididong.com/images/44/231250/apple-macbook-air-2020-m1-mgn73saa-101220-081215.jpg\" onclick=\"return false;\"><img alt=\"Apple Macbook Air M1 (MGN73SA/A) - Vân tay\" src=\"https://cdn.tgdd.vn/Products/Images/44/231250/apple-macbook-air-2020-m1-mgn73saa-101220-081215.jpg\" /></a></p>\r\n\r\n<p>Ngo&agrave;i ra,&nbsp;<a href=\"https://www.thegioididong.com/laptop-apple-macbook-m1\" target=\"_blank\">Macbook M1</a>&nbsp;c&ograve;n được t&iacute;ch hợp đ&egrave;n b&agrave;n ph&iacute;m&nbsp;kh&ocirc;ng chỉ mang lại sự thẩm mỹ cao m&agrave; c&ograve;n gi&uacute;p người d&ugrave;ng sử dụng ngay cả trong điều kiện thiếu s&aacute;ng một c&aacute;ch tiện lợi.</p>\r\n\r\n<p><a href=\"https://www.thegioididong.com/images/44/231250/apple-macbook-air-2020-m1-mgn73saa-015920-085913.jpg\" onclick=\"return false;\"><img alt=\"Apple Macbook Air M1 (MGN73SA/A) - Bàn phím\" src=\"https://cdn.tgdd.vn/Products/Images/44/231250/apple-macbook-air-2020-m1-mgn73saa-015920-085913.jpg\" /></a></p>\r\n\r\n<p>Tuy mỏng nhẹ nhưng&nbsp;<a href=\"https://www.thegioididong.com/laptop-apple-macbook-air\" target=\"_blank\">MacBook Air</a>&nbsp;vẫn trang bị 2 cổng Thunderbolt 3 (USB-C) cho ph&eacute;p bạn kết nối dễ d&agrave;ng với c&aacute;c thiết bị ngoại vi, m&agrave;n h&igrave;nh v&agrave; m&aacute;y chiếu, chia sẻ dữ liệu cũng đơn giản hơn th&ocirc;ng qua c&aacute;c cổng. C&aacute;c chuẩn kết nối kh&ocirc;ng d&acirc;y&nbsp;Wi-Fi 6-802.11ax, Bluetooth v5.0 hỗ trợ đường truyền t&iacute;n hiệu ổn định hơn, kết nối nhanh hơn, tr&aacute;nh xảy ra lỗi khi thao t&aacute;c.</p>\r\n\r\n<p><a href=\"https://www.thegioididong.com/images/44/231250/apple-macbook-air-2020-m1-mgn73saa-010220-090225.jpg\" onclick=\"return false;\"><img alt=\"Apple Macbook Air M1 (MGN73SA/A) - Kết nối\" src=\"https://cdn.tgdd.vn/Products/Images/44/231250/apple-macbook-air-2020-m1-mgn73saa-010220-090225.jpg\" /></a></p>\r\n\r\n<h3>Hiệu năng mạnh mẽ gấp 3.5 lần thế hệ trước đ&oacute;</h3>\r\n\r\n<p>Sở hữu loại chip đầu ti&ecirc;n được trang bị d&agrave;nh ri&ecirc;ng cho MAC dựa tr&ecirc;n cấu tr&uacute;c ARM l&agrave;&nbsp;<a href=\"https://www.thegioididong.com/tin-tuc/apple-m1-la-gi-1305904\" target=\"_blank\">Apple M1</a>, với bộ vi xử l&yacute; 8 l&otilde;i v&agrave; kiến tr&uacute;c 5 nm, M1 mang đến hiệu suất CPU nhanh hơn 3.5 lần, 8 nh&acirc;n GPU nhanh hơn 5 lần so với thế hệ trước. 8 l&otilde;i CPU của M1 c&oacute; 4 l&otilde;i hiệu suất cao v&agrave; 4 l&otilde;i tiết kiệm điện, nhờ vậy laptop xử l&yacute; tuyệt vời c&aacute;c thao t&aacute;c văn ph&ograve;ng qua c&aacute;c phần mềm như Word, Excel,... Kh&ocirc;ng chỉ vậy, bạn c&ograve;n thao t&aacute;c được c&aacute;c thiết kế đồ hoạ ổn định, kết xuất 2D tiện lợi.</p>\r\n\r\n<p><a href=\"https://www.thegioididong.com/laptop?g=8-gb\" target=\"_blank\">RAM 8 GB</a>&nbsp;cải thiện khả năng đa nhiệm, tức l&agrave; bạn c&oacute; thể mở nhiều phần mềm c&ugrave;ng l&uacute;c. Bạn c&oacute; thể vừa lướt web vừa nghe nhạc, mở nhiều ứng dụng hay nhiều tab Chrome m&agrave; kh&ocirc;ng sợ bị giật lag.&nbsp;</p>\r\n\r\n<p><a href=\"https://www.thegioididong.com/images/44/231250/apple-macbook-air-2020-m1-mgn73saa-011220-0838120.jpg\" onclick=\"return false;\"><img alt=\"MacBook Air M1 2020 Space Grey (MGN73SA/A) - Cấu hình\" src=\"https://cdn.tgdd.vn/Products/Images/44/231250/apple-macbook-air-2020-m1-mgn73saa-011220-0838120.jpg\" /></a></p>\r\n\r\n<p>Ngo&agrave;i ra, với ổ cứng&nbsp;<a href=\"https://www.thegioididong.com/laptop?g=ssd-256-gb\" target=\"_blank\">SSD 256 GB</a>&nbsp;tạo một kh&ocirc;ng gian lưu trữ đủ để cho bạn&nbsp;lưu lại c&aacute;c tệp tin như phim ảnh, t&agrave;i liệu, psd,... v&agrave; tốc độ l&agrave;m việc cũng được n&acirc;ng cao, phản hồi nhanh ch&oacute;ng, tiết kiệm được thời gian khởi động m&aacute;y v&agrave; mở c&aacute;c ứng dụng nặng.</p>\r\n\r\n<p><a href=\"https://www.thegioididong.com/images/44/231250/apple-macbook-air-2020-m1-mgn73saa-011220-0839150.jpg\" onclick=\"return false;\"><img alt=\"MacBook Air M1 2020 Space Grey (MGN73SA/A) - SSD\" src=\"https://cdn.tgdd.vn/Products/Images/44/231250/apple-macbook-air-2020-m1-mgn73saa-011220-0839150.jpg\" /></a></p>\r\n\r\n<p>Kho ứng dụng tr&ecirc;n macOS đ&atilde; tiếp tục được n&acirc;ng cấp với số lượng c&agrave;ng lớn hơn, bạn c&oacute; thể tham khảo th&ecirc;m:&nbsp;<a href=\"https://www.thegioididong.com/game-app/danh-sach-ung-dung-chay-duoc-tren-macbook-chip-apple-m1-1310311\" target=\"_blank\">Danh s&aacute;ch ứng dụng chạy được tr&ecirc;n Macbook chip Apple M1</a>.</p>\r\n\r\n<p><a href=\"https://www.thegioididong.com/images/44/231250/apple-macbook-air-2020-m1-mgn73saa-101220-081257.jpg\" onclick=\"return false;\"><img alt=\"Apple Macbook Air M1 (MGN73SA/A) - MacOS\" src=\"https://cdn.tgdd.vn/Products/Images/44/231250/apple-macbook-air-2020-m1-mgn73saa-101220-081257.jpg\" /></a></p>\r\n\r\n<h3>H&igrave;nh ảnh ch&acirc;n thực, sống động</h3>\r\n\r\n<p>Được trang bị&nbsp;<a href=\"https://www.thegioididong.com/hoi-dap/man-hinh-retina-la-gi-905780\" target=\"_blank\">m&agrave;n h&igrave;nh Retina</a>&nbsp;<a href=\"https://www.thegioididong.com/laptop-13-3-inch\" target=\"_blank\">13.3 inch</a>, MacBook Air đem đến cho bạn một trải nghiệm tuyệt vời với chất lượng m&agrave;u sắc rực rỡ, t&aacute;i hiện h&igrave;nh ảnh sắc n&eacute;t, sống động.</p>\r\n\r\n<p><a href=\"https://www.thegioididong.com/hoi-dap/man-hinh-ips-lcd-la-gi-905752\" target=\"_blank\">Tấm nền IPS</a>&nbsp;gi&uacute;p g&oacute;c nh&igrave;n trở n&ecirc;n rộng l&ecirc;n đến<strong>&nbsp;178 độ</strong>, kh&ocirc;ng c&ograve;n hiện tượng h&igrave;nh ảnh bị thay đổi khi nh&igrave;n từ g&oacute;c độ kh&aacute;c. B&ecirc;n cạnh đ&oacute;, với sự kết hợp c&ocirc;ng nghệ&nbsp;<a href=\"https://www.thegioididong.com/hoi-dap/tim-hieu-cong-nghe-man-hinh-true-tone-992705\" target=\"_blank\">True Tone</a>, m&agrave;n h&igrave;nh sẽ tự động điều chỉnh nhiệt độ m&agrave;u của m&aacute;y dựa tr&ecirc;n &aacute;nh s&aacute;ng của m&ocirc;i trường, bảo vệ mắt bạn kh&ocirc;ng bị nhức mỏi khi thay đổi &aacute;nh s&aacute;ng đột ngột.</p>\r\n\r\n<p><a href=\"https://www.thegioididong.com/images/44/231250/apple-macbook-air-2020-m1-mgn73saa-010420-090413.jpg\" onclick=\"return false;\"><img alt=\"Apple Macbook Air M1 (MGN73SA/A) - Màn hình\" src=\"https://cdn.tgdd.vn/Products/Images/44/231250/apple-macbook-air-2020-m1-mgn73saa-010420-090413.jpg\" /></a></p>\r\n\r\n<p>Đặc biệt&nbsp;<a href=\"https://www.thegioididong.com/hoi-dap/huong-dan-su-dung-facetime-tren-macbook-958617\" target=\"_blank\">Face Time Camera</a>&nbsp;được trang bị v&agrave;o MacBook gi&uacute;p bạn ghi h&igrave;nh với chất lượng h&igrave;nh ảnh cao, đem lại cảm gi&aacute;c ch&acirc;n thật khi gọi video cho người th&acirc;n, bạn b&egrave;, đ&aacute;p ứng tốt cho việc học online v&agrave; họp trực tuyến thuận tiện hơn qua c&aacute;c phần mềm Zoom, Google Meet,...</p>\r\n\r\n<p><a href=\"https://www.thegioididong.com/images/44/231250/apple-macbook-air-2020-m1-mgn73saa-101220-0810060.jpg\" onclick=\"return false;\"><img alt=\"MacBook Air M1 2020 Space Grey (MGN73SA/A) - Webcam\" src=\"https://cdn.tgdd.vn/Products/Images/44/231250/apple-macbook-air-2020-m1-mgn73saa-101220-0810060.jpg\" /></a></p>\r\n\r\n<p>B&ecirc;n cạnh chất lượng h&igrave;nh ảnh, c&ocirc;ng nghệ &acirc;m thanh của laptop cũng kh&ocirc;ng k&eacute;m phần nổi bật với&nbsp;<a href=\"https://www.thegioididong.com/hoi-dap/tim-hieu-ve-am-thanh-stereo-am-thanh-kep-dual-spea-920547\" target=\"_blank\">loa k&eacute;p (2 k&ecirc;nh)</a>&nbsp;mang đến sự cảm nhận &acirc;m thanh r&otilde; rệt, sống động cho người d&ugrave;ng. Cho bạn sự trải nghiệm đắm ch&igrave;m v&agrave;o c&aacute;c kh&ocirc;ng gian giải tr&iacute; hấp dẫn như chơi game, xem phim, nghe nhạc,...</p>\r\n\r\n<p>Laptop Apple MacBook Air M1 2020 thuộc d&ograve;ng&nbsp;<a href=\"https://www.thegioididong.com/laptop?g=cao-cap-sang-trong\" target=\"_blank\">laptop cao cấp, sang trọng</a>&nbsp;nhưng kh&ocirc;ng k&eacute;m phần năng động, c&aacute; t&iacute;nh, t&iacute;ch hợp đầy đủ c&aacute;c t&iacute;nh năng gi&uacute;p bạn xử l&yacute; tốt t&aacute;c vụ văn ph&ograve;ng lẫn thiết kế đồ hoạ, đ&acirc;y sẽ l&agrave; một sự lựa chọn ho&agrave;n hảo d&agrave;nh cho mọi người.</p>\r\n', 2020, 300, '8951069481', '1', 'e32304480f', '7ea1ff24d2', '2', '2');

-- --------------------------------------------------------

--
-- Cấu trúc bảng cho bảng `ram`
--

CREATE TABLE `ram` (
  `RamID` varchar(10) CHARACTER SET utf8mb4 COLLATE utf8mb4_vietnamese_ci NOT NULL,
  `RamName` varchar(255) CHARACTER SET utf8mb4 COLLATE utf8mb4_vietnamese_ci NOT NULL,
  `Type` varchar(10) CHARACTER SET utf8mb4 COLLATE utf8mb4_vietnamese_ci NOT NULL,
  `Storage` varchar(255) CHARACTER SET utf8mb4 COLLATE utf8mb4_vietnamese_ci NOT NULL
) ENGINE=InnoDB DEFAULT CHARSET=utf8 COLLATE=utf8_bin;

--
-- Đang đổ dữ liệu cho bảng `ram`
--

INSERT INTO `ram` (`RamID`, `RamName`, `Type`, `Storage`) VALUES
('1', 'Corsair Dominator Platinum RGB White CL16-18-18-36wedwed', 'DDR2', '2GB'),
('2', 'dwedwe', 'DDR4', '4'),
('3', 'erhtyj', 'DDR3', '16'),
('adeb071475', 'Asus', 'Nvme', '16GB');

-- --------------------------------------------------------

--
-- Cấu trúc bảng cho bảng `ssd`
--

CREATE TABLE `ssd` (
  `SsdID` varchar(10) CHARACTER SET utf8mb4 COLLATE utf8mb4_vietnamese_ci NOT NULL,
  `SsdName` varchar(255) CHARACTER SET utf8mb4 COLLATE utf8mb4_vietnamese_ci NOT NULL,
  `Storage` varchar(255) CHARACTER SET utf8mb4 COLLATE utf8mb4_vietnamese_ci NOT NULL,
  `Type` varchar(255) CHARACTER SET utf8mb4 COLLATE utf8mb4_vietnamese_ci NOT NULL
) ENGINE=InnoDB DEFAULT CHARSET=utf8 COLLATE=utf8_bin;

--
-- Đang đổ dữ liệu cho bảng `ssd`
--

INSERT INTO `ssd` (`SsdID`, `SsdName`, `Storage`, `Type`) VALUES
('1', 'Gigabyte', '126', '2.5 inch'),
('e32304480f', 'Nguyễn My', '500', 'Nvme');

--
-- Chỉ mục cho các bảng đã đổ
--

--
-- Chỉ mục cho bảng `account`
--
ALTER TABLE `account`
  ADD PRIMARY KEY (`AccountID`),
  ADD UNIQUE KEY `Email` (`Email`),
  ADD KEY `AuthoritiesID` (`AuthoritiesID`);

--
-- Chỉ mục cho bảng `authorities`
--
ALTER TABLE `authorities`
  ADD PRIMARY KEY (`AuthoritiesID`);

--
-- Chỉ mục cho bảng `banner`
--
ALTER TABLE `banner`
  ADD PRIMARY KEY (`BannerID`);

--
-- Chỉ mục cho bảng `brand`
--
ALTER TABLE `brand`
  ADD PRIMARY KEY (`BrandID`);

--
-- Chỉ mục cho bảng `cardvga`
--
ALTER TABLE `cardvga`
  ADD PRIMARY KEY (`CardID`);

--
-- Chỉ mục cho bảng `checkid`
--
ALTER TABLE `checkid`
  ADD PRIMARY KEY (`CheckID`);

--
-- Chỉ mục cho bảng `config`
--
ALTER TABLE `config`
  ADD PRIMARY KEY (`ConfiID`);

--
-- Chỉ mục cho bảng `hdd`
--
ALTER TABLE `hdd`
  ADD PRIMARY KEY (`HddID`);

--
-- Chỉ mục cho bảng `news`
--
ALTER TABLE `news`
  ADD PRIMARY KEY (`NewsID`),
  ADD KEY `AccountID` (`AccountID`);

--
-- Chỉ mục cho bảng `orderdetail`
--
ALTER TABLE `orderdetail`
  ADD PRIMARY KEY (`DetailID`),
  ADD KEY `OrderID` (`OrderID`),
  ADD KEY `ProductID` (`ProductID`),
  ADD KEY `StatusID` (`StatusID`);

--
-- Chỉ mục cho bảng `orderstatus`
--
ALTER TABLE `orderstatus`
  ADD PRIMARY KEY (`StatusID`);

--
-- Chỉ mục cho bảng `orderz`
--
ALTER TABLE `orderz`
  ADD PRIMARY KEY (`OrderID`),
  ADD KEY `AccountID` (`AccountID`);

--
-- Chỉ mục cho bảng `productcolor`
--
ALTER TABLE `productcolor`
  ADD PRIMARY KEY (`ColorID`);

--
-- Chỉ mục cho bảng `products`
--
ALTER TABLE `products`
  ADD PRIMARY KEY (`ProductID`),
  ADD KEY `SsdID` (`SsdID`),
  ADD KEY `products_ibfk_1` (`BrandID`),
  ADD KEY `products_ibfk_2` (`ColorID`),
  ADD KEY `products_ibfk_4` (`HddID`),
  ADD KEY `products_ibfk_5` (`RamID`),
  ADD KEY `products_ibfk_6` (`CardID`);

--
-- Chỉ mục cho bảng `ram`
--
ALTER TABLE `ram`
  ADD PRIMARY KEY (`RamID`);

--
-- Chỉ mục cho bảng `ssd`
--
ALTER TABLE `ssd`
  ADD PRIMARY KEY (`SsdID`);

--
-- AUTO_INCREMENT cho các bảng đã đổ
--

--
-- AUTO_INCREMENT cho bảng `orderdetail`
--
ALTER TABLE `orderdetail`
  MODIFY `DetailID` int(10) NOT NULL AUTO_INCREMENT, AUTO_INCREMENT=62;

--
-- Các ràng buộc cho các bảng đã đổ
--

--
-- Các ràng buộc cho bảng `account`
--
ALTER TABLE `account`
  ADD CONSTRAINT `account_ibfk_1` FOREIGN KEY (`AuthoritiesID`) REFERENCES `authorities` (`AuthoritiesID`);

--
-- Các ràng buộc cho bảng `news`
--
ALTER TABLE `news`
  ADD CONSTRAINT `news_ibfk_1` FOREIGN KEY (`AccountID`) REFERENCES `account` (`AccountID`) ON DELETE NO ACTION ON UPDATE NO ACTION;

--
-- Các ràng buộc cho bảng `orderdetail`
--
ALTER TABLE `orderdetail`
  ADD CONSTRAINT `orderdetail_ibfk_1` FOREIGN KEY (`OrderID`) REFERENCES `orderz` (`OrderID`) ON DELETE CASCADE ON UPDATE CASCADE,
  ADD CONSTRAINT `orderdetail_ibfk_2` FOREIGN KEY (`ProductID`) REFERENCES `products` (`ProductID`) ON DELETE NO ACTION ON UPDATE NO ACTION,
  ADD CONSTRAINT `orderdetail_ibfk_3` FOREIGN KEY (`StatusID`) REFERENCES `orderstatus` (`StatusID`) ON DELETE NO ACTION ON UPDATE NO ACTION;

--
-- Các ràng buộc cho bảng `orderz`
--
ALTER TABLE `orderz`
  ADD CONSTRAINT `orderz_ibfk_1` FOREIGN KEY (`AccountID`) REFERENCES `account` (`AccountID`);

--
-- Các ràng buộc cho bảng `products`
--
ALTER TABLE `products`
  ADD CONSTRAINT `products_ibfk_1` FOREIGN KEY (`BrandID`) REFERENCES `brand` (`BrandID`) ON DELETE NO ACTION ON UPDATE NO ACTION,
  ADD CONSTRAINT `products_ibfk_2` FOREIGN KEY (`ColorID`) REFERENCES `productcolor` (`ColorID`) ON DELETE NO ACTION ON UPDATE NO ACTION,
  ADD CONSTRAINT `products_ibfk_3` FOREIGN KEY (`SsdID`) REFERENCES `ssd` (`SsdID`),
  ADD CONSTRAINT `products_ibfk_4` FOREIGN KEY (`HddID`) REFERENCES `hdd` (`HddID`) ON DELETE NO ACTION ON UPDATE NO ACTION,
  ADD CONSTRAINT `products_ibfk_5` FOREIGN KEY (`RamID`) REFERENCES `ram` (`RamID`) ON DELETE NO ACTION ON UPDATE NO ACTION,
  ADD CONSTRAINT `products_ibfk_6` FOREIGN KEY (`CardID`) REFERENCES `cardvga` (`CardID`) ON DELETE NO ACTION ON UPDATE NO ACTION;
COMMIT;

/*!40101 SET CHARACTER_SET_CLIENT=@OLD_CHARACTER_SET_CLIENT */;
/*!40101 SET CHARACTER_SET_RESULTS=@OLD_CHARACTER_SET_RESULTS */;
/*!40101 SET COLLATION_CONNECTION=@OLD_COLLATION_CONNECTION */;
